Datetime,Bedroom temperature,Bedroom humidity,Kitchen temperature,Kitchen humidity,Basement temperature,Basement humidity,Garage temperature,Garage humidity
2022_01_22_00:00,21.93,21.38,21.40,20.26,19.62,18.25,0.72,30.44
2022_01_22_00:01,21.89,21.33,21.38,20.33,19.63,18.35,0.71,30.49
2022_01_22_00:02,21.85,21.27,21.39,20.25,19.61,18.30,0.72,30.45
2022_01_22_00:03,21.84,21.33,21.39,20.27,19.60,18.32,0.72,30.40
2022_01_22_00:04,21.84,21.36,21.37,20.29,19.59,18.27,0.71,30.40
2022_01_22_00:05,21.80,21.34,21.36,20.20,19.58,18.26,0.68,30.44
2022_01_22_00:06,21.75,21.33,21.34,20.19,19.57,18.25,0.68,30.40
2022_01_22_00:07,21.73,21.40,21.32,20.21,19.56,18.26,0.67,30.43
2022_01_22_00:08,21.72,21.34,21.33,20.14,19.55,18.16,0.67,30.38
2022_01_22_00:09,21.67,21.40,21.31,20.12,19.53,18.18,0.68,30.28
2022_01_22_00:10,21.65,21.36,21.30,20.11,19.53,18.16,0.67,30.42
2022_01_22_00:11,21.61,21.39,21.28,20.13,19.51,18.15,0.65,30.49
2022_01_22_00:12,21.60,21.38,21.27,20.06,19.50,18.20,0.66,30.41
2022_01_22_00:13,21.60,21.38,21.27,20.11,19.48,18.18,0.65,30.38
2022_01_22_00:14,21.58,21.39,21.27,20.05,19.46,18.12,0.65,30.43
2022_01_22_00:15,21.55,21.40,21.25,20.11,19.46,18.12,0.63,30.35
2022_01_22_00:16,21.53,21.40,21.24,20.12,19.43,18.04,0.61,30.18
2022_01_22_00:17,21.50,21.44,21.20,20.07,19.43,18.13,0.63,30.32
2022_01_22_00:18,21.49,21.46,21.21,19.97,19.43,18.12,0.61,30.35
2022_01_22_00:19,21.46,21.43,21.21,19.96,19.40,18.13,0.61,30.36
2022_01_22_00:20,21.43,21.44,21.21,19.96,19.40,18.16,0.58,30.28
2022_01_22_00:21,21.43,21.43,21.18,19.95,19.38,18.13,0.57,30.30
2022_01_22_00:22,21.40,21.40,21.18,19.95,19.37,18.06,0.58,30.20
2022_01_22_00:23,21.40,21.44,21.15,19.88,19.34,18.10,0.58,30.16
2022_01_22_00:24,21.39,21.44,21.15,19.88,19.35,18.06,0.57,30.20
2022_01_22_00:25,21.37,21.36,21.14,19.83,19.34,18.06,0.57,30.26
2022_01_22_00:26,21.35,21.44,21.13,19.91,19.32,18.13,0.55,30.17
2022_01_22_00:27,21.34,21.42,21.10,19.85,19.30,18.00,0.57,30.11
2022_01_22_00:28,21.31,21.48,21.10,19.85,19.30,18.12,0.56,30.25
2022_01_22_00:29,21.31,21.43,21.11,19.86,19.29,18.03,0.54,30.23
2022_01_22_00:30,21.29,21.47,21.08,19.85,19.28,18.12,0.51,30.23
2022_01_22_00:31,21.25,21.18,21.07,19.76,19.26,18.06,0.53,30.19
2022_01_22_00:32,21.24,21.49,21.07,19.77,19.24,18.04,0.53,30.16
2022_01_22_00:33,21.22,21.23,21.05,19.85,19.23,18.13,0.49,30.25
2022_01_22_00:34,21.21,21.50,21.07,19.81,19.22,18.08,0.51,30.15
2022_01_22_00:35,21.23,21.36,21.08,19.95,19.23,18.09,0.49,30.00
2022_01_22_00:36,21.22,21.22,21.09,20.04,19.21,18.06,0.50,30.10
2022_01_22_00:37,21.26,21.25,21.10,19.98,19.21,18.08,0.47,29.99
2022_01_22_00:38,21.29,21.47,21.12,20.04,19.20,18.41,0.48,30.03
2022_01_22_00:39,21.35,21.20,21.12,20.02,19.20,18.20,0.47,30.03
2022_01_22_00:40,21.39,21.20,21.15,20.00,19.21,18.02,0.48,30.01
2022_01_22_00:41,21.45,21.16,21.15,19.91,19.25,18.04,0.46,29.97
2022_01_22_00:42,21.49,21.26,21.18,20.00,19.25,18.13,0.46,30.09
2022_01_22_00:43,21.54,21.35,21.19,19.98,19.23,18.14,0.46,30.06
2022_01_22_00:44,21.61,21.06,21.20,19.97,19.25,18.14,0.44,29.97
2022_01_22_00:45,21.69,21.07,21.21,19.97,19.26,18.09,0.43,30.02
2022_01_22_00:46,21.77,21.01,21.24,19.87,19.28,18.14,0.44,30.06
2022_01_22_00:47,21.81,21.00,21.24,19.94,19.29,18.14,0.43,30.10
2022_01_22_00:48,21.89,20.97,21.25,19.89,19.30,18.15,0.41,30.12
2022_01_22_00:49,21.94,20.97,21.27,19.88,19.32,18.08,0.41,29.96
2022_01_22_00:50,21.98,20.94,21.30,19.89,19.33,18.11,0.40,30.04
2022_01_22_00:51,22.04,20.91,21.30,19.91,19.36,18.15,0.41,29.98
2022_01_22_00:52,22.08,20.96,21.31,19.91,19.36,18.14,0.41,29.98
2022_01_22_00:53,22.16,20.91,21.33,19.87,19.37,18.13,0.39,29.97
2022_01_22_00:54,22.20,20.93,21.35,19.93,19.37,18.15,0.38,30.06
2022_01_22_00:55,22.27,20.90,21.35,19.94,19.39,18.15,0.39,29.90
2022_01_22_00:56,22.32,20.88,21.36,19.95,19.42,18.14,0.36,29.93
2022_01_22_00:57,22.37,20.89,21.40,19.86,19.42,18.24,0.36,29.89
2022_01_22_00:58,22.44,20.86,21.41,19.91,19.45,18.22,0.35,29.89
2022_01_22_00:59,22.46,20.83,21.41,19.86,19.47,18.21,0.33,29.93
2022_01_22_01:00,22.50,20.81,21.41,19.88,19.48,18.18,0.31,29.94
2022_01_22_01:01,22.50,20.84,21.43,19.78,19.49,18.05,0.33,29.87
2022_01_22_01:02,22.48,20.79,21.42,19.83,19.52,18.17,0.32,29.87
2022_01_22_01:03,22.48,20.79,21.42,19.80,19.52,18.18,0.31,29.95
2022_01_22_01:04,22.46,20.82,21.41,19.73,19.53,18.07,0.31,29.87
2022_01_22_01:05,22.40,20.84,21.42,19.81,19.55,18.03,0.27,29.83
2022_01_22_01:06,22.36,20.84,21.41,19.83,19.55,18.05,0.30,29.86
2022_01_22_01:07,22.36,20.74,21.37,19.75,19.55,17.96,0.30,29.83
2022_01_22_01:08,22.30,20.83,21.38,19.77,19.55,18.04,0.29,29.83
2022_01_22_01:09,22.29,20.83,21.37,19.74,19.57,17.96,0.29,29.86
2022_01_22_01:10,22.24,20.86,21.36,19.71,19.58,17.89,0.27,29.73
2022_01_22_01:11,22.19,20.83,21.34,19.82,19.55,17.91,0.26,29.76
2022_01_22_01:12,22.14,20.92,21.32,19.81,19.55,17.98,0.27,29.82
2022_01_22_01:13,22.11,20.87,21.31,19.81,19.56,17.83,0.24,29.77
2022_01_22_01:14,22.08,20.87,21.28,19.76,19.55,17.77,0.25,29.76
2022_01_22_01:15,22.04,20.87,21.29,19.82,19.55,17.78,0.24,29.77
2022_01_22_01:16,22.00,20.95,21.26,19.83,19.54,17.82,0.23,29.71
2022_01_22_01:17,21.95,20.89,21.27,19.82,19.54,17.79,0.23,29.74
2022_01_22_01:18,21.92,20.96,21.24,19.85,19.54,17.75,0.21,29.62
2022_01_22_01:19,21.88,20.91,21.22,19.80,19.52,17.74,0.22,29.73
2022_01_22_01:20,21.84,20.96,21.20,19.84,19.50,17.67,0.21,29.56
2022_01_22_01:21,21.80,20.93,21.18,19.80,19.51,17.77,0.20,29.51
2022_01_22_01:22,21.79,21.00,21.17,19.80,19.49,17.72,0.19,29.70
2022_01_22_01:23,21.73,20.99,21.15,19.77,19.47,17.69,0.18,29.61
2022_01_22_01:24,21.72,20.91,21.14,19.75,19.49,17.73,0.17,29.63
2022_01_22_01:25,21.69,20.96,21.14,19.75,19.44,17.66,0.17,29.62
2022_01_22_01:26,21.65,20.94,21.13,19.75,19.43,17.70,0.17,29.62
2022_01_22_01:27,21.62,20.98,21.09,19.73,19.41,17.68,0.16,29.71
2022_01_22_01:28,21.61,21.01,21.09,19.75,19.42,17.68,0.14,29.73
2022_01_22_01:29,21.57,20.96,21.08,19.62,19.40,17.65,0.14,29.73
2022_01_22_01:30,21.55,20.97,21.06,19.71,19.38,17.66,0.14,29.68
2022_01_22_01:31,21.54,21.04,21.06,19.69,19.38,17.68,0.13,29.66
2022_01_22_01:32,21.51,21.06,21.06,19.67,19.36,17.60,0.14,29.66
2022_01_22_01:33,21.48,21.06,21.04,19.66,19.35,17.66,0.11,29.57
2022_01_22_01:34,21.47,21.03,21.04,19.61,19.34,17.69,0.12,29.57
2022_01_22_01:35,21.45,21.02,21.02,19.64,19.32,17.64,0.11,29.58
2022_01_22_01:36,21.42,21.01,21.00,19.61,19.31,17.64,0.10,29.67
2022_01_22_01:37,21.40,21.06,20.98,19.54,19.28,17.60,0.11,29.72
2022_01_22_01:38,21.39,21.06,20.98,19.61,19.27,17.51,0.08,29.57
2022_01_22_01:39,21.37,21.03,20.97,19.55,19.27,17.60,0.08,29.43
2022_01_22_01:40,21.36,21.04,20.94,19.54,19.23,17.55,0.06,29.44
2022_01_22_01:41,21.33,21.00,20.96,19.47,19.24,17.51,0.06,29.51
2022_01_22_01:42,21.31,21.10,20.96,19.53,19.20,17.57,0.07,29.51
2022_01_22_01:43,21.28,21.04,20.94,19.51,19.20,17.53,0.04,29.39
2022_01_22_01:44,21.26,20.96,20.93,19.48,19.19,17.49,0.03,29.66
2022_01_22_01:45,21.24,21.06,20.92,19.49,19.17,17.55,0.04,29.64
2022_01_22_01:46,21.22,21.02,20.89,19.32,19.16,17.54,0.05,29.50
2022_01_22_01:47,21.18,21.05,20.88,19.49,19.15,17.62,0.04,29.48
2022_01_22_01:48,21.15,21.05,20.87,19.51,19.12,17.57,0.02,29.50
2022_01_22_01:49,21.13,21.00,20.87,19.59,19.12,17.52,0.00,29.47
2022_01_22_01:50,21.15,21.04,20.90,19.62,19.10,17.54,0.01,29.41
2022_01_22_01:51,21.16,20.97,20.89,19.69,19.09,17.60,-0.00,29.43
2022_01_22_01:52,21.20,21.04,20.90,19.69,19.10,17.51,0.01,29.34
2022_01_22_01:53,21.24,20.98,20.92,19.66,19.10,17.55,-0.01,29.25
2022_01_22_01:54,21.29,20.99,20.95,19.66,19.09,17.64,-0.01,29.38
2022_01_22_01:55,21.33,20.96,20.95,19.59,19.07,17.61,0.00,29.47
2022_01_22_01:56,21.38,20.87,20.97,19.56,19.10,17.64,-0.02,29.35
2022_01_22_01:57,21.42,20.93,20.99,19.60,19.11,17.56,-0.04,29.42
2022_01_22_01:58,21.51,20.88,20.99,19.56,19.12,17.63,-0.05,29.38
2022_01_22_01:59,21.58,20.69,21.01,19.54,19.12,17.64,-0.05,29.29
2022_01_22_02:00,21.65,20.84,21.04,19.60,19.14,17.60,-0.07,29.30
2022_01_22_02:01,21.69,20.86,21.04,19.51,19.14,17.59,-0.06,29.34
2022_01_22_02:02,21.76,20.81,21.06,19.54,19.16,17.70,-0.07,29.30
2022_01_22_02:03,21.82,20.63,21.08,19.55,19.17,17.57,-0.10,29.23
2022_01_22_02:04,21.87,20.59,21.08,19.55,19.16,17.66,-0.10,29.34
2022_01_22_02:05,21.89,20.53,21.09,19.55,19.18,17.67,-0.08,29.28
2022_01_22_02:06,21.96,20.57,21.12,19.52,19.21,17.56,-0.08,29.27
2022_01_22_02:07,22.03,20.38,21.12,19.51,19.22,17.63,-0.12,29.32
2022_01_22_02:08,22.09,20.52,21.17,19.56,19.26,17.60,-0.10,29.31
2022_01_22_02:09,22.14,20.38,21.16,19.53,19.25,17.68,-0.12,29.25
2022_01_22_02:10,22.18,20.37,21.18,19.52,19.28,17.60,-0.12,29.26
2022_01_22_02:11,22.22,20.46,21.19,19.53,19.28,17.59,-0.13,29.29
2022_01_22_02:12,22.28,20.31,21.21,19.56,19.31,17.71,-0.15,29.30
2022_01_22_02:13,22.30,20.29,21.21,19.53,19.33,17.65,-0.16,29.21
2022_01_22_02:14,22.34,20.29,21.22,19.49,19.35,17.68,-0.13,29.17
2022_01_22_02:15,22.39,20.30,21.22,19.54,19.37,17.73,-0.16,29.16
2022_01_22_02:16,22.40,20.13,21.25,19.56,19.38,17.65,-0.16,29.21
2022_01_22_02:17,22.43,20.17,21.25,19.50,19.39,17.74,-0.18,29.09
2022_01_22_02:18,22.44,20.15,21.27,19.50,19.41,17.78,-0.18,29.10
2022_01_22_02:19,22.42,20.05,21.25,19.40,19.43,17.69,-0.20,29.11
2022_01_22_02:20,22.38,20.04,21.25,19.47,19.42,17.70,-0.19,29.24
2022_01_22_02:21,22.35,20.14,21.25,19.42,19.43,17.60,-0.20,29.02
2022_01_22_02:22,22.34,20.18,21.23,19.49,19.45,17.63,-0.20,29.07
2022_01_22_02:23,22.29,20.18,21.23,19.49,19.46,17.58,-0.22,29.16
2022_01_22_02:24,22.24,20.18,21.22,19.47,19.48,17.50,-0.23,29.09
2022_01_22_02:25,22.17,20.17,21.19,19.42,19.47,17.60,-0.25,29.15
2022_01_22_02:26,22.13,20.20,21.20,19.44,19.48,17.45,-0.24,29.17
2022_01_22_02:27,22.09,20.19,21.17,19.34,19.49,17.51,-0.24,29.10
2022_01_22_02:28,22.05,20.30,21.15,19.46,19.47,17.41,-0.25,29.09
2022_01_22_02:29,21.99,20.30,21.14,19.43,19.48,17.28,-0.25,29.09
2022_01_22_02:30,21.97,20.37,21.13,19.51,19.47,17.32,-0.24,29.11
2022_01_22_02:31,21.93,20.36,21.11,19.45,19.47,17.27,-0.27,29.15
2022_01_22_02:32,21.87,20.43,21.12,19.39,19.47,17.25,-0.27,29.14
2022_01_22_02:33,21.83,20.30,21.09,19.50,19.47,17.25,-0.28,29.07
2022_01_22_02:34,21.79,20.39,21.08,19.49,19.46,17.22,-0.27,28.92
2022_01_22_02:35,21.78,20.49,21.07,19.43,19.43,17.17,-0.29,29.07
2022_01_22_02:36,21.74,20.35,21.06,19.51,19.43,17.14,-0.29,28.96
2022_01_22_02:37,21.70,20.40,21.04,19.42,19.43,17.20,-0.30,28.94
2022_01_22_02:38,21.66,20.40,21.03,19.47,19.43,17.17,-0.30,29.01
2022_01_22_02:39,21.65,20.47,21.00,19.49,19.41,17.10,-0.31,29.07
2022_01_22_02:40,21.64,20.60,21.01,19.46,19.39,17.16,-0.32,29.01
2022_01_22_02:41,21.59,20.53,20.98,19.44,19.38,17.14,-0.31,29.03
2022_01_22_02:42,21.58,20.57,20.95,19.38,19.37,17.08,-0.32,28.93
2022_01_22_02:43,21.54,20.58,20.94,19.36,19.35,17.12,-0.35,28.91
2022_01_22_02:44,21.49,20.47,20.94,19.22,19.35,17.10,-0.35,28.96
2022_01_22_02:45,21.47,20.53,20.92,19.28,19.34,17.09,-0.35,28.91
2022_01_22_02:46,21.47,20.63,20.90,19.27,19.31,17.12,-0.36,28.93
2022_01_22_02:47,21.46,20.51,20.89,19.30,19.30,17.03,-0.36,29.01
2022_01_22_02:48,21.43,20.59,20.89,19.27,19.29,17.01,-0.37,28.95
2022_01_22_02:49,21.38,20.61,20.88,19.21,19.28,17.08,-0.36,29.07
2022_01_22_02:50,21.35,20.57,20.87,19.25,19.25,17.09,-0.37,28.91
2022_01_22_02:51,21.33,20.52,20.86,19.23,19.23,17.00,-0.39,28.96
2022_01_22_02:52,21.31,20.48,20.84,19.24,19.23,17.09,-0.40,28.98
2022_01_22_02:53,21.29,20.47,20.83,19.28,19.22,17.11,-0.40,28.93
2022_01_22_02:54,21.26,20.46,20.82,19.23,19.19,17.10,-0.41,28.89
2022_01_22_02:55,21.24,20.58,20.83,19.25,19.19,17.09,-0.40,28.96
2022_01_22_02:56,21.20,20.48,20.81,19.16,19.19,17.01,-0.41,28.94
2022_01_22_02:57,21.16,20.56,20.82,19.11,19.17,17.09,-0.42,28.91
2022_01_22_02:58,21.17,20.54,20.80,19.17,19.14,17.01,-0.42,28.91
2022_01_22_02:59,21.13,20.32,20.78,19.01,19.13,17.00,-0.45,28.86
2022_01_22_03:00,21.10,20.49,20.78,19.10,19.11,17.02,-0.45,28.85
2022_01_22_03:01,21.07,20.43,20.79,18.95,19.08,17.06,-0.48,28.94
2022_01_22_03:02,21.05,20.50,20.76,19.04,19.07,17.05,-0.46,28.90
2022_01_22_03:03,21.02,20.65,20.75,19.05,19.06,17.01,-0.49,28.96
2022_01_22_03:04,21.03,20.52,20.74,19.13,19.07,17.00,-0.49,28.96
2022_01_22_03:05,21.01,20.55,20.76,19.27,19.05,17.03,-0.47,28.86
2022_01_22_03:06,21.03,20.59,20.77,19.35,19.06,17.05,-0.49,28.89
2022_01_22_03:07,21.05,20.52,20.79,19.24,19.05,17.00,-0.50,28.85
2022_01_22_03:08,21.08,20.45,20.78,19.32,19.03,17.05,-0.50,28.87
2022_01_22_03:09,21.13,20.44,20.83,19.28,19.04,17.06,-0.51,28.88
2022_01_22_03:10,21.17,20.48,20.86,19.27,19.06,17.09,-0.53,28.86
2022_01_22_03:11,21.21,20.52,20.86,19.19,19.05,17.12,-0.52,28.85
2022_01_22_03:12,21.27,20.31,20.89,19.20,19.06,17.11,-0.53,28.86
2022_01_22_03:13,21.33,20.37,20.91,19.23,19.06,17.18,-0.53,28.85
2022_01_22_03:14,21.40,20.36,20.93,19.20,19.07,17.08,-0.54,28.83
2022_01_22_03:15,21.47,20.25,20.95,19.18,19.05,17.07,-0.54,28.83
2022_01_22_03:16,21.53,20.26,20.95,19.23,19.07,17.11,-0.55,28.78
2022_01_22_03:17,21.60,20.17,20.97,19.17,19.09,17.09,-0.57,28.72
2022_01_22_03:18,21.67,20.18,20.97,19.19,19.10,17.08,-0.56,28.79
2022_01_22_03:19,21.74,20.15,21.00,19.16,19.10,17.06,-0.57,28.80
2022_01_22_03:20,21.80,20.09,21.03,19.14,19.12,17.10,-0.57,28.90
2022_01_22_03:21,21.84,20.01,21.03,19.18,19.16,17.15,-0.59,28.80
2022_01_22_03:22,21.93,19.98,21.04,19.18,19.15,16.99,-0.60,28.74
2022_01_22_03:23,21.96,20.02,21.06,19.11,19.16,17.07,-0.60,28.87
2022_01_22_03:24,22.00,20.02,21.06,19.21,19.17,17.03,-0.60,28.83
2022_01_22_03:25,22.06,19.90,21.09,19.18,19.19,17.13,-0.62,28.93
2022_01_22_03:26,22.12,19.85,21.10,19.05,19.21,17.04,-0.61,28.85
2022_01_22_03:27,22.15,19.91,21.11,19.09,19.23,17.15,-0.61,28.74
2022_01_22_03:28,22.20,19.85,21.13,19.18,19.24,17.14,-0.62,28.64
2022_01_22_03:29,22.23,19.84,21.17,19.16,19.26,17.17,-0.63,28.85
2022_01_22_03:30,22.27,19.86,21.15,19.16,19.27,17.15,-0.65,28.73
2022_01_22_03:31,22.33,19.86,21.16,19.19,19.28,17.12,-0.66,28.78
2022_01_22_03:32,22.37,19.86,21.17,19.17,19.31,17.22,-0.67,28.69
2022_01_22_03:33,22.39,19.68,21.17,19.20,19.33,17.22,-0.65,28.74
2022_01_22_03:34,22.40,19.64,21.20,19.14,19.37,17.05,-0.66,28.80
2022_01_22_03:35,22.43,19.67,21.20,19.15,19.38,17.15,-0.68,28.79
2022_01_22_03:36,22.41,19.60,21.21,18.99,19.38,17.17,-0.67,28.68
2022_01_22_03:37,22.40,19.66,21.21,18.95,19.38,17.17,-0.68,28.64
2022_01_22_03:38,22.38,19.72,21.22,18.96,19.39,17.13,-0.70,28.68
2022_01_22_03:39,22.33,19.66,21.18,18.95,19.40,17.13,-0.70,28.75
2022_01_22_03:40,22.28,19.70,21.19,18.93,19.42,17.08,-0.71,28.66
2022_01_22_03:41,22.25,19.72,21.18,19.08,19.44,17.05,-0.73,28.69
2022_01_22_03:42,22.20,19.74,21.18,18.98,19.44,17.15,-0.73,28.68
2022_01_22_03:43,22.15,19.80,21.16,18.98,19.43,17.02,-0.72,28.58
2022_01_22_03:44,22.11,19.71,21.15,18.94,19.44,16.95,-0.75,28.68
2022_01_22_03:45,22.06,19.79,21.13,18.90,19.45,16.97,-0.74,28.63
2022_01_22_03:46,22.00,19.72,21.11,19.02,19.45,16.97,-0.74,28.59
2022_01_22_03:47,21.97,19.81,21.09,18.95,19.44,16.85,-0.77,28.64
2022_01_22_03:48,21.92,19.88,21.09,18.90,19.45,17.04,-0.77,28.62
2022_01_22_03:49,21.88,19.83,21.06,18.96,19.45,16.91,-0.78,28.56
2022_01_22_03:50,21.85,19.86,21.05,18.95,19.44,16.85,-0.80,28.63
2022_01_22_03:51,21.79,19.93,21.06,18.97,19.43,16.83,-0.79,28.56
2022_01_22_03:52,21.78,20.10,21.03,19.02,19.42,16.79,-0.79,28.54
2022_01_22_03:53,21.75,20.00,21.01,18.97,19.43,16.83,-0.79,28.58
2022_01_22_03:54,21.72,20.05,20.98,18.99,19.43,16.80,-0.80,28.55
2022_01_22_03:55,21.68,19.98,21.01,18.94,19.41,16.74,-0.81,28.55
2022_01_22_03:56,21.65,20.02,20.97,19.01,19.40,16.78,-0.81,28.48
2022_01_22_03:57,21.62,20.05,20.95,19.02,19.40,16.76,-0.82,28.51
2022_01_22_03:58,21.58,20.00,20.95,19.01,19.38,16.68,-0.84,28.49
2022_01_22_03:59,21.55,20.10,20.92,18.98,19.36,16.72,-0.84,28.55
2022_01_22_04:00,21.55,20.15,20.92,19.02,19.36,16.64,-0.84,28.65
2022_01_22_04:01,21.52,20.13,20.91,19.00,19.33,16.68,-0.85,28.52
2022_01_22_04:02,21.50,20.13,20.92,18.97,19.32,16.60,-0.86,28.60
2022_01_22_04:03,21.47,20.10,20.90,18.93,19.31,16.61,-0.86,28.54
2022_01_22_04:04,21.44,19.99,20.88,18.81,19.29,16.67,-0.85,28.40
2022_01_22_04:05,21.40,20.25,20.87,18.90,19.27,16.70,-0.87,28.57
2022_01_22_04:06,21.37,20.16,20.86,18.78,19.26,16.59,-0.89,28.56
2022_01_22_04:07,21.34,20.28,20.85,18.77,19.24,16.67,-0.86,28.50
2022_01_22_04:08,21.32,20.21,20.84,18.73,19.23,16.58,-0.89,28.47
2022_01_22_04:09,21.29,20.29,20.82,18.78,19.20,16.58,-0.89,28.50
2022_01_22_04:10,21.26,20.24,20.80,18.77,19.21,16.58,-0.89,28.55
2022_01_22_04:11,21.22,20.26,20.79,18.75,19.18,16.65,-0.90,28.47
2022_01_22_04:12,21.18,20.20,20.79,18.80,19.16,16.61,-0.89,28.51
2022_01_22_04:13,21.16,20.20,20.78,18.72,19.15,16.51,-0.91,28.51
2022_01_22_04:14,21.12,20.32,20.78,18.77,19.12,16.65,-0.92,28.62
2022_01_22_04:15,21.09,20.27,20.76,18.76,19.10,16.64,-0.92,28.56
2022_01_22_04:16,21.09,20.31,20.75,18.78,19.10,16.58,-0.93,28.56
2022_01_22_04:17,21.06,20.23,20.74,18.72,19.07,16.60,-0.93,28.52
2022_01_22_04:18,21.03,20.16,20.71,18.72,19.04,16.59,-0.95,28.57
2022_01_22_04:19,20.97,20.22,20.72,18.83,19.03,16.61,-0.95,28.53
2022_01_22_04:20,20.96,20.24,20.73,18.67,19.02,16.54,-0.95,28.53
2022_01_22_04:21,20.92,20.25,20.72,18.67,19.01,16.61,-0.94,28.47
2022_01_22_04:22,20.92,20.28,20.70,18.72,18.98,16.58,-0.98,28.56
2022_01_22_04:23,20.91,20.24,20.71,18.72,18.96,16.58,-0.97,28.49
2022_01_22_04:24,20.85,20.23,20.68,18.66,18.96,16.69,-0.97,28.51
2022_01_22_04:25,20.83,20.21,20.67,18.73,18.94,16.62,-0.98,28.51
2022_01_22_04:26,20.80,20.27,20.66,18.72,18.92,16.57,-0.97,28.52
2022_01_22_04:27,20.78,20.15,20.66,18.60,18.91,16.61,-0.98,28.67
2022_01_22_04:28,20.73,20.22,20.65,18.57,18.89,16.58,-1.00,28.50
2022_01_22_04:29,20.73,20.27,20.66,18.57,18.87,16.62,-1.01,28.45
2022_01_22_04:30,20.70,20.23,20.63,18.56,18.86,16.56,-1.01,28.42
2022_01_22_04:31,20.67,20.17,20.63,18.53,18.84,16.57,-1.02,28.55
2022_01_22_04:32,20.65,20.13,20.60,18.49,18.85,16.65,-1.05,28.60
2022_01_22_04:33,20.62,20.23,20.60,18.50,18.81,16.58,-1.03,28.52
2022_01_22_04:34,20.60,20.18,20.58,18.53,18.82,16.67,-1.04,28.60
2022_01_22_04:35,20.58,20.18,20.57,18.49,18.79,16.65,-1.04,28.52
2022_01_22_04:36,20.58,20.24,20.57,18.49,18.79,16.58,-1.04,28.54
2022_01_22_04:37,20.55,20.15,20.57,18.50,18.77,16.55,-1.05,28.54
2022_01_22_04:38,20.54,20.13,20.53,18.36,18.79,16.52,-1.07,28.41
2022_01_22_04:39,20.50,20.04,20.55,18.42,18.75,16.55,-1.07,28.50
2022_01_22_04:40,20.47,20.12,20.51,18.37,18.76,16.58,-1.06,28.53
2022_01_22_04:41,20.45,20.13,20.50,18.40,18.73,16.53,-1.09,28.52
2022_01_22_04:42,20.43,20.16,20.48,18.39,18.70,16.57,-1.10,28.49
2022_01_22_04:43,20.40,20.09,20.49,18.38,18.69,16.45,-1.10,28.41
2022_01_22_04:44,20.39,20.17,20.47,18.32,18.69,16.52,-1.09,28.40
2022_01_22_04:45,20.35,20.08,20.45,18.32,18.68,16.58,-1.10,28.48
2022_01_22_04:46,20.34,20.29,20.45,18.31,18.67,16.46,-1.10,28.46
2022_01_22_04:47,20.31,20.21,20.47,18.34,18.65,16.46,-1.12,28.45
2022_01_22_04:48,20.29,20.05,20.44,18.32,18.63,16.54,-1.13,28.48
2022_01_22_04:49,20.27,20.18,20.43,18.26,18.61,16.55,-1.13,28.42
2022_01_22_04:50,20.27,20.04,20.43,18.25,18.59,16.49,-1.13,28.35
2022_01_22_04:51,20.24,20.20,20.42,18.26,18.60,16.53,-1.14,28.40
2022_01_22_04:52,20.23,20.16,20.42,18.36,18.59,16.52,-1.16,28.45
2022_01_22_04:53,20.21,20.12,20.39,18.28,18.55,16.57,-1.15,28.42
2022_01_22_04:54,20.16,20.08,20.38,18.27,18.56,16.49,-1.16,28.39
2022_01_22_04:55,20.15,20.07,20.36,18.27,18.55,16.49,-1.18,28.43
2022_01_22_04:56,20.14,20.18,20.37,18.25,18.53,16.42,-1.17,28.37
2022_01_22_04:57,20.13,20.11,20.36,18.13,18.52,16.51,-1.18,28.42
2022_01_22_04:58,20.11,20.08,20.36,18.19,18.50,16.49,-1.18,28.44
2022_01_22_04:59,20.09,20.02,20.35,18.07,18.48,16.49,-1.19,28.41
2022_01_22_05:00,20.06,20.13,20.33,18.17,18.48,16.49,-1.20,28.34
2022_01_22_05:01,20.02,20.10,20.33,18.14,18.44,16.43,-1.19,28.34
2022_01_22_05:02,20.03,20.14,20.32,18.10,18.45,16.45,-1.21,28.40
2022_01_22_05:03,20.02,20.18,20.31,18.09,18.43,16.48,-1.23,28.40
2022_01_22_05:04,19.99,20.06,20.28,18.07,18.42,16.41,-1.23,28.46
2022_01_22_05:05,19.96,20.10,20.27,18.06,18.41,16.46,-1.23,28.32
2022_01_22_05:06,19.97,20.14,20.27,18.06,18.39,16.47,-1.24,28.31
2022_01_22_05:07,19.96,20.13,20.26,18.03,18.37,16.44,-1.24,28.27
2022_01_22_05:08,19.93,20.10,20.26,17.94,18.37,16.41,-1.26,28.39
2022_01_22_05:09,19.90,20.02,20.24,17.87,18.36,16.47,-1.25,28.47
2022_01_22_05:10,19.88,20.07,20.24,17.95,18.33,16.49,-1.25,28.34
2022_01_22_05:11,19.86,20.14,20.19,17.92,18.34,16.46,-1.27,28.41
2022_01_22_05:12,19.85,20.13,20.20,17.83,18.33,16.58,-1.27,28.32
2022_01_22_05:13,19.83,20.03,20.19,17.81,18.29,16.52,-1.26,28.29
2022_01_22_05:14,19.80,20.06,20.20,18.01,18.31,16.44,-1.27,28.35
2022_01_22_05:15,19.78,20.11,20.17,17.84,18.29,16.50,-1.28,28.27
2022_01_22_05:16,19.77,20.07,20.14,17.91,18.29,16.41,-1.30,28.28
2022_01_22_05:17,19.74,20.10,20.14,17.89,18.28,16.37,-1.29,28.32
2022_01_22_05:18,19.73,20.02,20.15,17.88,18.26,16.40,-1.32,28.41
2022_01_22_05:19,19.71,20.02,20.14,17.88,18.25,16.40,-1.30,28.40
2022_01_22_05:20,19.71,20.10,20.15,17.85,18.23,16.42,-1.32,28.39
2022_01_22_05:21,19.69,20.02,20.13,17.87,18.23,16.45,-1.30,28.39
2022_01_22_05:22,19.67,20.08,20.13,17.86,18.22,16.38,-1.35,28.33
2022_01_22_05:23,19.64,20.02,20.11,17.82,18.21,16.36,-1.33,28.33
2022_01_22_05:24,19.62,20.09,20.08,17.36,18.20,16.36,-1.34,28.31
2022_01_22_05:25,19.58,20.11,20.08,17.68,18.19,16.38,-1.34,28.36
2022_01_22_05:26,19.54,20.09,20.11,17.92,18.19,16.34,-1.34,28.39
2022_01_22_05:27,19.53,20.37,20.08,18.15,18.19,16.39,-1.32,28.37
2022_01_22_05:28,19.53,20.29,20.11,18.27,18.17,16.30,-1.37,28.38
2022_01_22_05:29,19.56,20.31,20.11,18.32,18.17,16.40,-1.35,28.34
2022_01_22_05:30,19.57,20.34,20.15,18.36,18.19,16.38,-1.37,28.45
2022_01_22_05:31,19.66,20.08,20.16,18.32,18.18,16.37,-1.37,28.35
2022_01_22_05:32,19.73,20.10,20.17,18.36,18.19,16.43,-1.39,28.35
2022_01_22_05:33,19.79,20.06,20.19,18.35,18.20,16.41,-1.37,28.37
2022_01_22_05:34,19.84,19.99,20.22,18.33,18.21,16.42,-1.39,28.42
2022_01_22_05:35,19.92,19.96,20.23,18.30,18.23,16.33,-1.37,28.35
2022_01_22_05:36,20.00,19.98,20.24,18.29,18.22,16.47,-1.39,28.27
2022_01_22_05:37,20.08,19.86,20.27,18.31,18.23,16.43,-1.42,28.30
2022_01_22_05:38,20.16,19.79,20.28,18.29,18.25,16.40,-1.42,28.41
2022_01_22_05:39,20.23,19.80,20.29,18.37,18.26,16.49,-1.41,28.46
2022_01_22_05:40,20.31,19.67,20.30,18.27,18.29,16.47,-1.41,28.32
2022_01_22_05:41,20.38,19.69,20.32,18.26,18.29,16.38,-1.41,28.43
2022_01_22_05:42,20.45,19.65,20.32,18.26,18.31,16.45,-1.42,28.40
2022_01_22_05:43,20.52,19.68,20.32,18.30,18.33,16.36,-1.43,28.34
2022_01_22_05:44,20.60,19.62,20.35,18.29,18.36,16.41,-1.44,28.36
2022_01_22_05:45,20.67,19.51,20.36,18.35,18.38,16.44,-1.46,28.33
2022_01_22_05:46,20.72,19.50,20.37,18.26,18.39,16.34,-1.45,28.39
2022_01_22_05:47,20.77,19.43,20.38,18.31,18.41,16.50,-1.48,28.30
2022_01_22_05:48,20.84,19.38,20.41,18.32,18.45,16.38,-1.45,28.36
2022_01_22_05:49,20.87,19.43,20.40,18.35,18.45,16.46,-1.47,28.30
2022_01_22_05:50,20.92,19.37,20.43,18.31,18.47,16.30,-1.48,28.45
2022_01_22_05:51,20.96,19.26,20.43,18.30,18.49,16.55,-1.49,28.37
2022_01_22_05:52,20.97,19.21,20.44,18.29,18.49,16.39,-1.50,28.37
2022_01_22_05:53,21.00,19.06,20.44,18.25,18.51,16.43,-1.50,28.30
2022_01_22_05:54,21.00,19.18,20.41,18.17,18.53,16.42,-1.51,28.39
2022_01_22_05:55,20.98,19.20,20.40,18.18,18.56,16.39,-1.50,28.40
2022_01_22_05:56,20.96,19.25,20.41,18.25,18.57,16.36,-1.48,28.34
2022_01_22_05:57,20.92,19.25,20.39,18.19,18.58,16.39,-1.52,28.27
2022_01_22_05:58,20.88,19.35,20.39,18.19,18.58,16.34,-1.49,28.22
2022_01_22_05:59,20.83,19.31,20.36,18.28,18.58,16.34,-1.52,28.30
2022_01_22_06:00,20.82,19.34,20.34,18.23,18.61,16.33,-1.51,28.34
2022_01_22_06:01,20.75,19.40,20.33,18.23,18.60,16.26,-1.52,28.34
2022_01_22_06:02,20.74,19.49,20.31,18.24,18.61,16.28,-1.52,28.17
2022_01_22_06:03,20.66,19.45,20.30,18.21,18.61,16.23,-1.55,28.24
2022_01_22_06:04,20.61,19.37,20.28,18.18,18.61,16.21,-1.55,28.23
2022_01_22_06:05,20.58,19.26,20.28,18.12,18.63,16.20,-1.56,28.28
2022_01_22_06:06,20.53,19.44,20.23,18.13,18.60,16.14,-1.56,28.30
2022_01_22_06:07,20.48,19.45,20.23,18.21,18.57,16.11,-1.56,28.29
2022_01_22_06:08,20.46,19.51,20.22,18.13,18.57,16.12,-1.57,28.19
2022_01_22_06:09,20.42,19.49,20.21,18.09,18.57,16.14,-1.57,28.31
2022_01_22_06:10,20.39,19.40,20.18,18.06,18.57,16.11,-1.60,28.26
2022_01_22_06:11,20.35,19.48,20.15,18.03,18.57,16.12,-1.59,28.28
2022_01_22_06:12,20.32,19.47,20.15,18.04,18.54,16.14,-1.59,28.21
2022_01_22_06:13,20.27,19.56,20.13,18.05,18.53,16.06,-1.61,28.22
2022_01_22_06:14,20.24,19.59,20.12,18.11,18.51,16.09,-1.60,28.23
2022_01_22_06:15,20.20,19.64,20.11,18.07,18.50,16.09,-1.62,28.25
2022_01_22_06:16,20.18,19.55,20.11,18.00,18.50,16.09,-1.63,28.16
2022_01_22_06:17,20.14,19.55,20.09,18.02,18.49,16.07,-1.63,28.14
2022_01_22_06:18,20.12,19.55,20.07,18.03,18.47,16.02,-1.64,28.31
2022_01_22_06:19,20.09,19.55,20.06,18.05,18.47,16.07,-1.64,28.22
2022_01_22_06:20,20.07,19.59,20.07,18.00,18.46,16.02,-1.64,28.30
2022_01_22_06:21,20.05,19.56,20.07,17.96,18.44,16.07,-1.65,28.35
2022_01_22_06:22,20.00,19.62,20.07,17.99,18.42,16.00,-1.67,28.24
2022_01_22_06:23,19.98,19.55,20.05,17.95,18.42,16.07,-1.66,28.32
2022_01_22_06:24,19.96,19.57,20.02,18.01,18.38,15.98,-1.65,28.39
2022_01_22_06:25,19.95,19.67,20.04,17.97,18.37,16.04,-1.64,28.30
2022_01_22_06:26,19.92,19.64,20.04,17.90,18.36,16.02,-1.64,28.30
2022_01_22_06:27,19.89,19.58,20.03,17.89,18.35,15.98,-1.66,28.30
2022_01_22_06:28,19.85,19.65,20.02,17.89,18.35,15.99,-1.66,28.35
2022_01_22_06:29,19.85,19.60,19.99,17.79,18.33,16.04,-1.67,28.33
2022_01_22_06:30,19.81,19.61,19.99,17.70,18.32,15.99,-1.68,28.25
2022_01_22_06:31,19.80,19.68,19.96,17.85,18.29,15.97,-1.69,28.24
2022_01_22_06:32,19.76,19.66,19.97,17.76,18.28,16.05,-1.70,28.23
2022_01_22_06:33,19.73,19.64,19.95,17.82,18.26,16.04,-1.71,28.26
2022_01_22_06:34,19.72,19.57,19.96,17.76,18.25,15.96,-1.70,28.28
2022_01_22_06:35,19.71,19.58,19.92,17.76,18.24,16.08,-1.70,28.32
2022_01_22_06:36,19.67,19.62,19.91,17.78,18.23,15.93,-1.71,28.35
2022_01_22_06:37,19.67,19.64,19.91,17.79,18.21,16.05,-1.73,28.23
2022_01_22_06:38,19.62,19.75,19.91,17.92,18.20,16.09,-1.74,28.52
2022_01_22_06:39,19.60,19.89,19.91,18.01,18.18,16.04,-1.73,28.41
2022_01_22_06:40,19.57,19.74,19.92,18.18,18.18,15.97,-1.72,28.24
2022_01_22_06:41,19.62,19.70,19.93,18.17,18.19,16.05,-1.74,28.23
2022_01_22_06:42,19.63,19.64,19.97,18.09,18.19,16.07,-1.73,28.30
2022_01_22_06:43,19.68,19.76,19.97,18.17,18.19,16.11,-1.75,28.26
2022_01_22_06:44,19.74,19.70,19.99,18.14,18.20,16.07,-1.74,28.40
2022_01_22_06:45,19.78,19.71,20.02,18.12,18.20,16.10,-1.77,28.28
2022_01_22_06:46,19.88,19.60,20.03,18.11,18.20,16.09,-1.77,28.31
2022_01_22_06:47,19.94,19.56,20.04,18.06,18.22,16.12,-1.78,28.24
2022_01_22_06:48,19.99,19.51,20.07,18.05,18.23,16.12,-1.78,28.37
2022_01_22_06:49,20.07,19.48,20.07,18.03,18.24,16.08,-1.80,28.30
2022_01_22_06:50,20.14,19.42,20.09,18.05,18.24,16.18,-1.79,28.21
2022_01_22_06:51,20.24,19.38,20.11,18.08,18.27,16.13,-1.79,28.32
2022_01_22_06:52,20.31,19.33,20.11,18.07,18.29,16.17,-1.80,28.17
2022_01_22_06:53,20.37,19.31,20.14,18.04,18.31,16.18,-1.79,28.28
2022_01_22_06:54,20.44,19.30,20.14,18.03,18.30,16.14,-1.81,28.29
2022_01_22_06:55,20.52,19.25,20.17,18.08,18.33,16.08,-1.82,28.27
2022_01_22_06:56,20.57,19.22,20.17,18.03,18.34,16.11,-1.82,28.19
2022_01_22_06:57,20.63,19.13,20.19,18.11,18.36,16.15,-1.81,28.16
2022_01_22_06:58,20.67,19.19,20.18,18.03,18.36,16.09,-1.83,28.30
2022_01_22_06:59,20.74,19.11,20.21,18.09,18.39,16.14,-1.83,28.27
2022_01_22_07:00,20.79,19.08,20.21,18.07,18.41,16.11,-1.84,28.28
2022_01_22_07:01,20.85,19.05,20.23,18.14,18.43,16.13,-1.83,28.25
2022_01_22_07:02,20.91,19.04,20.26,17.98,18.46,16.14,-1.82,28.28
2022_01_22_07:03,20.95,19.00,20.25,18.02,18.47,16.15,-1.84,28.22
2022_01_22_07:04,20.99,19.01,20.26,18.03,18.48,16.07,-1.85,28.22
2022_01_22_07:05,21.01,18.93,20.26,18.09,18.50,16.29,-1.85,28.29
2022_01_22_07:06,21.06,18.90,20.30,18.12,18.51,16.24,-1.85,28.29
2022_01_22_07:07,21.04,18.80,20.29,17.98,18.53,16.21,-1.85,28.21
2022_01_22_07:08,21.03,18.78,20.28,17.93,18.56,16.10,-1.87,28.17
2022_01_22_07:09,21.03,18.83,20.30,17.97,18.57,16.12,-1.87,28.28
2022_01_22_07:10,21.01,18.85,20.26,17.95,18.57,16.15,-1.89,28.22
2022_01_22_07:11,20.96,18.85,20.28,18.01,18.60,16.24,-1.88,28.13
2022_01_22_07:12,20.92,18.94,20.26,17.97,18.62,16.05,-1.90,28.21
2022_01_22_07:13,20.90,18.96,20.25,17.93,18.61,16.01,-1.89,28.21
2022_01_22_07:14,20.87,18.96,20.23,17.88,18.61,15.92,-1.89,28.16
2022_01_22_07:15,20.80,19.00,20.21,17.91,18.61,15.98,-1.90,28.22
2022_01_22_07:16,20.76,19.02,20.19,17.94,18.63,16.02,-1.91,28.19
2022_01_22_07:17,20.70,19.17,20.17,17.90,18.62,15.92,-1.92,28.20
2022_01_22_07:18,20.66,19.14,20.17,17.99,18.62,15.96,-1.93,28.23
2022_01_22_07:19,20.59,19.11,20.14,17.97,18.63,15.86,-1.92,28.24
2022_01_22_07:20,20.55,19.10,20.15,18.01,18.61,15.83,-1.92,28.11
2022_01_22_07:21,20.50,19.12,20.13,17.95,18.63,15.85,-1.93,28.25
2022_01_22_07:22,20.46,19.17,20.11,18.03,18.62,15.85,-1.93,28.55
2022_01_22_07:23,20.42,19.25,20.11,17.94,18.61,15.84,-1.93,28.29
2022_01_22_07:24,20.39,19.20,20.07,17.92,18.59,15.79,-1.95,28.28
2022_01_22_07:25,20.34,19.26,20.05,17.95,18.60,15.70,-1.94,28.24
2022_01_22_07:26,20.30,19.25,20.05,17.96,18.57,15.83,-1.96,28.20
2022_01_22_07:27,20.29,19.11,20.01,17.87,18.57,15.77,-1.95,28.28
2022_01_22_07:28,20.24,19.34,20.01,17.88,18.54,15.81,-1.95,28.35
2022_01_22_07:29,20.20,19.29,19.99,17.92,18.56,15.78,-1.95,28.21
2022_01_22_07:30,20.18,19.22,19.99,17.87,18.53,15.79,-1.96,28.20
2022_01_22_07:31,20.15,19.24,19.99,17.91,18.51,15.80,-1.98,28.13
2022_01_22_07:32,20.13,19.36,19.99,17.88,18.50,15.72,-1.96,28.20
2022_01_22_07:33,20.09,19.33,19.97,17.80,18.49,15.78,-1.96,28.19
2022_01_22_07:34,20.05,19.37,19.96,17.82,18.48,15.74,-1.99,28.14
2022_01_22_07:35,20.04,19.33,19.93,17.78,18.47,15.70,-2.01,28.14
2022_01_22_07:36,20.00,19.41,19.93,17.77,18.44,15.75,-1.99,28.21
2022_01_22_07:37,19.98,19.41,19.93,17.82,18.43,15.74,-2.00,28.14
2022_01_22_07:38,19.95,19.34,19.91,17.73,18.43,15.72,-2.01,28.15
2022_01_22_07:39,19.91,19.38,19.92,17.79,18.40,15.71,-2.01,28.14
2022_01_22_07:40,19.90,19.39,19.90,17.75,18.38,15.69,-2.02,28.24
2022_01_22_07:41,19.87,19.31,19.91,17.77,18.37,15.69,-2.02,28.20
2022_01_22_07:42,19.85,19.20,19.88,17.78,18.36,15.68,-2.03,28.22
2022_01_22_07:43,19.83,19.34,19.87,17.71,18.35,15.72,-2.02,28.15
2022_01_22_07:44,19.80,19.38,19.88,17.75,18.33,15.73,-2.02,28.15
2022_01_22_07:45,19.78,19.41,19.87,17.68,18.32,15.69,-2.02,28.18
2022_01_22_07:46,19.73,19.28,19.87,17.67,18.31,15.70,-2.04,28.23
2022_01_22_07:47,19.70,19.43,19.85,17.67,18.28,15.72,-2.05,28.14
2022_01_22_07:48,19.69,19.38,19.84,17.75,18.29,15.75,-2.05,28.24
2022_01_22_07:49,19.66,19.37,19.85,17.69,18.25,15.71,-2.06,28.26
2022_01_22_07:50,19.65,19.33,19.83,17.58,18.24,15.72,-2.04,28.19
2022_01_22_07:51,19.63,19.45,19.82,17.58,18.23,15.73,-2.06,28.28
2022_01_22_07:52,19.59,19.42,19.81,17.70,18.20,15.71,-2.05,28.24
2022_01_22_07:53,19.58,19.43,19.82,17.78,18.19,15.80,-2.07,28.19
2022_01_22_07:54,19.58,19.51,19.84,17.94,18.20,15.74,-2.06,28.25
2022_01_22_07:55,19.61,19.45,19.87,17.89,18.19,15.76,-2.06,28.40
2022_01_22_07:56,19.66,19.45,19.89,17.93,18.18,15.80,-2.08,28.28
2022_01_22_07:57,19.70,19.24,19.88,17.95,18.19,15.82,-2.08,28.31
2022_01_22_07:58,19.75,19.44,19.90,17.99,18.19,15.77,-2.09,28.37
2022_01_22_07:59,19.80,19.36,19.92,17.97,18.19,15.84,-2.08,28.39
2022_01_22_08:00,19.90,19.28,19.95,17.96,18.20,15.87,-2.08,28.27
2022_01_22_08:01,19.94,19.28,19.95,17.90,18.21,15.85,-2.09,28.45
2022_01_22_08:02,20.03,19.17,19.96,17.96,18.22,15.92,-2.10,28.30
2022_01_22_08:03,20.08,19.25,19.97,17.95,18.24,15.89,-2.09,28.44
2022_01_22_08:04,20.14,19.20,19.99,17.87,18.24,15.99,-2.11,28.43
2022_01_22_08:05,20.20,19.15,20.01,17.90,18.27,15.82,-2.10,28.41
2022_01_22_08:06,20.29,19.15,20.03,17.91,18.26,15.84,-2.10,28.58
2022_01_22_08:07,20.34,19.11,20.03,17.94,18.30,15.90,-2.10,28.57
2022_01_22_08:08,20.42,19.09,20.06,17.90,18.32,15.96,-2.08,28.47
2022_01_22_08:09,20.48,19.04,20.06,17.93,18.33,15.94,-2.10,28.56
2022_01_22_08:10,20.53,18.98,20.07,17.94,18.34,16.02,-2.10,28.71
2022_01_22_08:11,20.60,18.97,20.10,17.91,18.36,16.00,-2.08,28.80
2022_01_22_08:12,20.66,18.91,20.11,17.90,18.37,16.10,-2.09,28.89
2022_01_22_08:13,20.71,18.87,20.13,17.98,18.39,16.05,-2.10,28.88
2022_01_22_08:14,20.76,18.88,20.13,17.99,18.42,15.95,-2.07,28.88
2022_01_22_08:15,20.81,18.84,20.15,17.93,18.43,16.00,-2.07,28.90
2022_01_22_08:16,20.87,18.82,20.15,18.00,18.44,16.09,-2.07,28.99
2022_01_22_08:17,20.93,18.85,20.17,17.94,18.46,16.07,-2.07,28.99
2022_01_22_08:18,21.00,18.80,20.17,18.01,18.50,16.23,-2.06,29.02
2022_01_22_08:19,21.02,18.77,20.22,17.99,18.53,16.20,-2.06,28.95
2022_01_22_08:20,21.06,18.75,20.23,17.98,18.54,16.18,-2.05,29.10
2022_01_22_08:21,21.06,18.72,20.23,18.02,18.57,16.08,-2.04,29.10
2022_01_22_08:22,21.08,18.70,20.24,18.00,18.57,16.15,-2.04,29.26
2022_01_22_08:23,21.09,18.64,20.24,17.93,18.60,16.14,-2.04,29.27
2022_01_22_08:24,21.08,18.60,20.22,17.86,18.60,16.26,-2.02,29.24
2022_01_22_08:25,21.05,18.64,20.22,17.86,18.62,16.16,-2.03,29.26
2022_01_22_08:26,21.01,18.81,20.21,17.86,18.63,16.19,-2.01,29.31
2022_01_22_08:27,20.96,18.81,20.19,17.93,18.65,16.07,-2.00,29.33
2022_01_22_08:28,20.92,18.80,20.20,17.93,18.67,16.15,-1.99,29.35
2022_01_22_08:29,20.89,19.00,20.18,17.93,18.69,16.08,-1.97,29.43
2022_01_22_08:30,20.88,18.97,20.17,17.94,18.68,16.10,-1.95,29.45
2022_01_22_08:31,20.82,19.00,20.18,17.97,18.68,16.07,-1.95,29.42
2022_01_22_08:32,20.80,19.03,20.16,17.91,18.68,16.07,-1.94,29.49
2022_01_22_08:33,20.74,19.07,20.15,17.92,18.69,15.97,-1.94,29.48
2022_01_22_08:34,20.72,19.07,20.12,17.94,18.67,16.09,-1.93,29.50
2022_01_22_08:35,20.67,19.07,20.12,17.92,18.69,15.88,-1.90,29.60
2022_01_22_08:36,20.66,19.04,20.11,18.04,18.68,16.04,-1.90,29.61
2022_01_22_08:37,20.62,19.11,20.12,18.04,18.69,15.90,-1.91,29.62
2022_01_22_08:38,20.58,19.15,20.10,18.04,18.68,15.87,-1.87,29.62
2022_01_22_08:39,20.56,19.10,20.08,18.04,18.67,15.80,-1.87,29.67
2022_01_22_08:40,20.54,19.13,20.09,18.04,18.67,15.96,-1.84,29.77
2022_01_22_08:41,20.48,19.04,20.08,18.06,18.67,15.85,-1.85,29.77
2022_01_22_08:42,20.45,19.19,20.06,18.12,18.66,15.82,-1.83,29.74
2022_01_22_08:43,20.41,19.25,20.03,18.12,18.65,15.88,-1.83,29.78
2022_01_22_08:44,20.39,19.16,20.01,18.06,18.65,15.78,-1.82,29.83
2022_01_22_08:45,20.36,19.13,20.02,18.07,18.64,15.86,-1.79,29.80
2022_01_22_08:46,20.32,19.18,19.97,18.03,18.64,15.83,-1.79,29.86
2022_01_22_08:47,20.29,19.27,19.97,18.12,18.62,15.78,-1.77,29.78
2022_01_22_08:48,20.27,19.19,19.97,18.07,18.60,15.85,-1.77,29.82
2022_01_22_08:49,20.26,19.14,19.96,18.15,18.59,15.88,-1.74,29.81
2022_01_22_08:50,20.23,19.14,19.98,18.06,18.59,15.88,-1.73,29.92
2022_01_22_08:51,20.19,19.19,19.95,18.10,18.56,16.01,-1.72,29.86
2022_01_22_08:52,20.17,19.17,19.96,18.14,18.57,15.98,-1.74,29.82
2022_01_22_08:53,20.14,19.22,19.93,18.12,18.53,15.99,-1.70,29.90
2022_01_22_08:54,20.13,19.18,19.94,18.12,18.53,15.96,-1.68,29.91
2022_01_22_08:55,20.08,19.14,19.92,18.07,18.53,15.99,-1.71,29.96
2022_01_22_08:56,20.07,19.27,19.90,18.05,18.52,15.96,-1.69,30.03
2022_01_22_08:57,20.03,19.14,19.89,18.13,18.50,15.94,-1.68,30.03
2022_01_22_08:58,20.02,19.23,19.91,18.12,18.50,15.98,-1.65,29.98
2022_01_22_08:59,19.98,19.19,19.88,18.10,18.48,16.05,-1.67,30.07
2022_01_22_09:00,19.95,19.25,19.87,18.12,18.46,15.99,-1.62,30.06
2022_01_22_09:01,19.92,19.27,19.86,18.27,18.45,16.00,-1.64,30.28
2022_01_22_09:02,19.92,19.23,19.87,18.32,18.44,15.93,-1.61,30.29
2022_01_22_09:03,19.91,19.14,19.88,18.46,18.44,15.99,-1.62,30.20
2022_01_22_09:04,19.94,19.23,19.88,18.53,18.44,16.01,-1.58,30.19
2022_01_22_09:05,19.97,19.22,19.90,18.64,18.43,16.01,-1.57,30.10
2022_01_22_09:06,20.03,19.29,19.92,18.79,18.45,16.06,-1.57,30.12
2022_01_22_09:07,20.08,19.21,19.95,19.08,18.45,15.98,-1.54,30.08
2022_01_22_09:08,20.11,19.25,19.97,19.53,18.45,16.06,-1.52,30.02
2022_01_22_09:09,20.19,19.18,19.99,23.27,18.45,16.15,-1.49,30.02
2022_01_22_09:10,20.29,19.14,20.03,24.92,18.47,16.11,-1.45,29.95
2022_01_22_09:11,20.33,19.16,20.04,25.97,18.48,16.22,-1.42,29.89
2022_01_22_09:12,20.41,19.11,20.05,26.53,18.48,16.24,-1.34,29.87
2022_01_22_09:13,20.47,19.10,20.07,24.21,18.51,16.20,-1.26,29.70
2022_01_22_09:14,20.54,19.03,20.07,23.47,18.53,16.23,-1.19,29.70
2022_01_22_09:15,20.60,19.05,20.09,21.65,18.54,16.27,-1.14,29.54
2022_01_22_09:16,20.68,19.03,20.09,21.30,18.56,16.11,-1.10,29.47
2022_01_22_09:17,20.72,19.05,20.12,22.24,18.56,16.19,-1.07,29.40
2022_01_22_09:18,20.79,19.04,20.17,25.01,18.60,16.25,-1.06,29.39
2022_01_22_09:19,20.86,18.93,20.22,28.61,18.61,16.28,-1.05,29.37
2022_01_22_09:20,20.93,19.01,20.25,27.07,18.61,16.35,-1.01,29.37
2022_01_22_09:21,21.01,19.00,20.25,25.32,18.63,16.33,-1.02,29.42
2022_01_22_09:22,21.05,19.81,20.24,24.97,18.64,16.38,-1.02,29.40
2022_01_22_09:23,21.06,20.89,20.29,24.37,18.66,16.28,-1.03,29.49
2022_01_22_09:24,21.12,20.79,20.30,23.29,18.71,16.16,-1.06,29.54
2022_01_22_09:25,21.13,21.44,20.29,22.16,18.71,16.20,-1.09,29.55
2022_01_22_09:26,21.14,21.69,20.31,21.51,18.73,16.23,-1.11,29.59
2022_01_22_09:27,21.14,21.47,20.30,20.92,18.74,16.21,-1.14,29.66
2022_01_22_09:28,21.13,21.71,20.28,20.47,18.75,16.17,-1.16,29.70
2022_01_22_09:29,21.12,21.26,20.30,20.22,18.76,16.28,-1.19,29.90
2022_01_22_09:30,21.13,23.45,20.29,19.93,18.77,16.25,-1.20,29.84
2022_01_22_09:31,21.07,21.12,20.27,19.89,18.76,16.24,-1.21,29.92
2022_01_22_09:32,21.06,21.13,20.26,19.82,18.78,16.22,-1.23,29.94
2022_01_22_09:33,21.02,21.18,20.26,19.77,18.79,16.19,-1.25,29.94
2022_01_22_09:34,20.97,22.06,20.27,19.96,18.80,16.20,-1.26,30.03
2022_01_22_09:35,20.95,21.92,20.27,20.02,18.79,16.23,-1.27,30.09
2022_01_22_09:36,20.91,21.93,20.27,20.23,18.78,16.26,-1.29,30.15
2022_01_22_09:37,20.89,22.34,20.26,21.37,18.78,16.22,-1.30,30.14
2022_01_22_09:38,20.88,22.29,20.26,20.82,18.78,16.24,-1.31,30.12
2022_01_22_09:39,20.86,22.48,20.25,20.79,18.79,16.27,-1.32,30.18
2022_01_22_09:40,20.84,22.63,20.28,20.87,18.79,16.31,-1.31,30.33
2022_01_22_09:41,20.84,22.83,20.25,20.75,18.80,16.34,-1.31,30.41
2022_01_22_09:42,20.81,22.84,20.23,20.46,18.78,16.40,-1.31,30.57
2022_01_22_09:43,20.80,22.88,20.24,20.42,18.78,16.42,-1.30,30.72
2022_01_22_09:44,20.80,22.99,20.24,20.46,18.80,16.39,-1.28,30.67
2022_01_22_09:45,20.75,22.87,20.25,20.44,18.78,16.42,-1.28,30.73
2022_01_22_09:46,20.74,23.20,20.24,20.52,18.77,16.47,-1.27,30.73
2022_01_22_09:47,20.71,23.12,20.24,20.53,18.76,16.56,-1.26,30.68
2022_01_22_09:48,20.72,23.26,20.24,20.59,18.76,16.48,-1.23,30.61
2022_01_22_09:49,20.69,23.31,20.25,20.55,18.75,16.42,-1.23,30.63
2022_01_22_09:50,20.69,23.35,20.26,20.60,18.73,16.47,-1.20,30.61
2022_01_22_09:51,20.66,23.22,20.26,20.46,18.73,16.34,-1.18,30.62
2022_01_22_09:52,20.64,23.21,20.27,20.45,18.72,16.48,-1.14,30.55
2022_01_22_09:53,20.65,23.20,20.26,20.41,18.70,16.52,-1.11,30.59
2022_01_22_09:54,20.61,23.61,20.26,20.42,18.70,16.51,-1.09,30.54
2022_01_22_09:55,20.57,23.61,20.26,20.32,18.69,16.47,-1.06,30.57
2022_01_22_09:56,20.56,23.38,20.25,20.44,18.68,16.55,-1.04,30.52
2022_01_22_09:57,20.57,23.12,20.25,20.43,18.69,16.44,-1.01,30.42
2022_01_22_09:58,20.57,23.08,20.26,20.36,18.69,16.50,-0.97,30.46
2022_01_22_09:59,20.56,23.05,20.27,20.36,18.67,16.54,-0.95,30.43
2022_01_22_10:00,20.54,23.03,20.26,20.27,18.67,16.45,-0.93,30.41
2022_01_22_10:01,20.54,22.90,20.26,20.38,18.65,16.46,-0.89,30.33
2022_01_22_10:02,20.51,23.00,20.25,20.39,18.64,16.46,-0.86,30.40
2022_01_22_10:03,20.48,22.89,20.27,20.26,18.64,16.47,-0.83,30.32
2022_01_22_10:04,20.47,22.88,20.27,20.27,18.63,16.52,-0.81,30.29
2022_01_22_10:05,20.46,22.90,20.28,20.30,18.61,16.50,-0.81,30.29
2022_01_22_10:06,20.45,22.89,20.26,20.28,18.61,16.49,-0.77,30.29
2022_01_22_10:07,20.42,22.83,20.27,20.31,18.60,16.57,-0.74,30.34
2022_01_22_10:08,20.41,22.84,20.27,20.11,18.59,16.52,-0.73,30.34
2022_01_22_10:09,20.41,22.72,20.25,20.11,18.57,16.49,-0.71,30.39
2022_01_22_10:10,20.37,22.72,20.26,20.16,18.57,16.53,-0.69,30.33
2022_01_22_10:11,20.37,22.75,20.25,20.15,18.56,16.55,-0.68,30.32
2022_01_22_10:12,20.35,22.69,20.24,20.09,18.54,16.46,-0.66,30.35
2022_01_22_10:13,20.30,22.69,20.26,20.11,18.53,16.51,-0.64,30.37
2022_01_22_10:14,20.29,22.79,20.28,20.05,18.51,16.50,-0.63,30.28
2022_01_22_10:15,20.28,23.01,20.26,20.16,18.51,16.53,-0.62,30.31
2022_01_22_10:16,20.30,23.52,20.30,20.20,18.52,16.46,-0.60,30.32
2022_01_22_10:17,20.33,23.65,20.32,20.39,18.50,16.39,-0.57,30.29
2022_01_22_10:18,20.34,23.30,20.31,20.46,18.51,16.31,-0.57,30.35
2022_01_22_10:19,20.41,23.34,20.34,20.44,18.50,16.39,-0.53,30.35
2022_01_22_10:20,20.43,23.39,20.37,20.56,18.50,16.39,-0.52,30.36
2022_01_22_10:21,20.50,23.17,20.38,20.59,18.52,16.37,-0.50,30.38
2022_01_22_10:22,20.57,23.07,20.39,20.59,18.52,16.42,-0.49,30.35
2022_01_22_10:23,20.64,23.05,20.45,20.70,18.53,16.35,-0.46,30.36
2022_01_22_10:24,20.71,22.94,20.44,20.58,18.54,16.51,-0.45,30.32
2022_01_22_10:25,20.78,22.89,20.46,20.64,18.57,16.50,-0.42,30.41
2022_01_22_10:26,20.86,22.77,20.48,20.64,18.57,16.51,-0.43,30.40
2022_01_22_10:27,20.94,22.80,20.48,20.84,18.60,16.53,-0.42,30.35
2022_01_22_10:28,21.02,22.77,20.49,20.67,18.62,16.52,-0.39,30.37
2022_01_22_10:29,21.09,22.59,20.55,20.75,18.63,16.58,-0.36,30.38
2022_01_22_10:30,21.15,22.55,20.56,20.73,18.66,16.56,-0.32,30.46
2022_01_22_10:31,21.21,22.30,20.58,20.83,18.66,16.68,-0.33,30.41
2022_01_22_10:32,21.28,22.55,20.59,20.76,18.70,16.61,-0.29,30.44
2022_01_22_10:33,21.36,22.72,20.61,20.83,18.72,16.70,-0.27,30.46
2022_01_22_10:34,21.42,22.53,20.61,20.76,18.73,16.62,-0.25,30.44
2022_01_22_10:35,21.49,22.85,20.63,20.86,18.77,16.72,-0.22,30.43
2022_01_22_10:36,21.52,22.53,20.64,20.88,18.79,16.66,-0.21,30.40
2022_01_22_10:37,21.58,22.39,20.66,20.88,18.81,16.62,-0.15,30.42
2022_01_22_10:38,21.63,22.34,20.68,20.94,18.82,16.67,-0.15,30.40
2022_01_22_10:39,21.67,22.31,20.69,20.91,18.85,16.68,-0.11,30.36
2022_01_22_10:40,21.74,22.38,20.70,20.97,18.86,16.73,-0.10,30.41
2022_01_22_10:41,21.77,22.40,20.71,20.97,18.90,16.71,-0.05,30.41
2022_01_22_10:42,21.85,22.18,20.73,20.98,18.92,16.69,-0.05,30.41
2022_01_22_10:43,21.88,22.20,20.73,21.02,18.95,16.71,-0.01,30.39
2022_01_22_10:44,21.97,22.22,20.75,21.08,18.98,16.76,-0.01,30.41
2022_01_22_10:45,22.03,22.06,20.75,21.07,19.00,16.73,0.03,30.41
2022_01_22_10:46,22.06,21.95,20.78,21.05,19.03,16.81,0.05,30.37
2022_01_22_10:47,22.12,22.05,20.81,21.06,19.05,16.80,0.04,30.35
2022_01_22_10:48,22.17,21.95,20.80,21.06,19.08,16.73,0.08,30.38
2022_01_22_10:49,22.19,22.00,20.83,21.01,19.09,16.65,0.10,30.29
2022_01_22_10:50,22.22,21.89,20.82,21.13,19.11,16.76,0.10,30.37
2022_01_22_10:51,22.27,21.93,20.85,21.07,19.14,16.76,0.09,30.36
2022_01_22_10:52,22.31,21.80,20.86,21.04,19.16,16.72,0.10,30.33
2022_01_22_10:53,22.35,21.80,20.89,21.12,19.18,16.79,0.10,30.44
2022_01_22_10:54,22.42,21.83,20.88,21.14,19.20,16.75,0.11,30.43
2022_01_22_10:55,22.45,21.83,20.87,21.22,19.22,16.73,0.10,30.43
2022_01_22_10:56,22.51,21.76,20.90,21.21,19.25,16.83,0.11,30.45
2022_01_22_10:57,22.55,21.79,20.92,21.17,19.27,16.88,0.09,30.50
2022_01_22_10:58,22.59,21.72,20.92,21.15,19.28,16.80,0.10,30.47
2022_01_22_10:59,22.64,21.77,20.92,21.29,19.31,16.79,0.12,30.49
2022_01_22_11:00,22.68,21.52,20.96,21.29,19.33,16.85,0.11,30.52
2022_01_22_11:01,22.72,21.59,20.93,21.33,19.36,16.87,0.13,30.47
2022_01_22_11:02,22.76,21.74,20.96,21.32,19.38,16.87,0.10,30.54
2022_01_22_11:03,22.79,21.58,20.96,21.31,19.39,16.90,0.11,30.63
2022_01_22_11:04,22.82,21.90,20.98,21.54,19.42,16.82,0.11,30.64
2022_01_22_11:05,22.86,21.90,21.01,21.38,19.47,16.81,0.12,30.68
2022_01_22_11:06,22.89,21.74,21.01,21.56,19.47,16.96,0.13,30.71
2022_01_22_11:07,22.96,21.79,21.02,21.66,19.50,16.96,0.12,30.71
2022_01_22_11:08,22.99,21.70,21.02,21.52,19.51,16.97,0.15,30.66
2022_01_22_11:09,23.00,21.79,21.04,21.59,19.52,16.95,0.11,30.71
2022_01_22_11:10,23.04,21.72,21.06,21.79,19.56,16.91,0.14,30.70
2022_01_22_11:11,23.04,21.66,21.07,21.82,19.59,16.92,0.11,30.73
2022_01_22_11:12,23.05,21.69,21.07,21.83,19.60,16.97,0.13,30.84
2022_01_22_11:13,23.03,21.62,21.06,21.79,19.61,16.99,0.11,30.82
2022_01_22_11:14,23.01,21.51,21.05,21.83,19.64,16.96,0.12,30.77
2022_01_22_11:15,22.97,21.49,21.05,21.94,19.66,17.08,0.11,30.88
2022_01_22_11:16,22.92,21.55,21.02,21.90,19.67,17.10,0.10,30.82
2022_01_22_11:17,22.86,21.51,21.02,21.81,19.69,17.16,0.10,30.83
2022_01_22_11:18,22.83,21.52,21.01,21.83,19.68,17.17,0.12,30.82
2022_01_22_11:19,22.78,21.54,20.99,21.68,19.70,17.18,0.08,30.87
2022_01_22_11:20,22.75,21.55,20.98,21.70,19.70,17.16,0.08,30.94
2022_01_22_11:21,22.67,21.58,20.97,21.69,19.71,17.10,0.08,31.08
2022_01_22_11:22,22.64,21.43,20.96,21.63,19.71,17.22,0.09,31.00
2022_01_22_11:23,22.61,21.61,20.93,21.60,19.70,17.17,0.08,30.95
2022_01_22_11:24,22.55,21.41,20.93,21.58,19.71,17.19,0.08,31.04
2022_01_22_11:25,22.54,21.51,20.93,21.48,19.73,17.21,0.06,31.21
2022_01_22_11:26,22.47,21.46,20.91,21.48,19.72,17.22,0.07,31.17
2022_01_22_11:27,22.43,21.42,20.88,21.48,19.72,17.15,0.07,31.07
2022_01_22_11:28,22.38,21.53,20.88,21.42,19.72,17.18,0.06,31.12
2022_01_22_11:29,22.35,21.51,20.88,21.39,19.71,17.23,0.09,31.14
2022_01_22_11:30,22.34,21.48,20.86,21.27,19.74,17.18,0.07,31.31
2022_01_22_11:31,22.28,21.45,20.85,21.15,19.71,17.19,0.07,31.29
2022_01_22_11:32,22.25,21.47,20.85,21.16,19.72,17.22,0.09,31.29
2022_01_22_11:33,22.21,21.43,20.82,21.04,19.71,17.07,0.08,31.21
2022_01_22_11:34,22.17,21.54,20.82,21.12,19.70,16.99,0.08,31.29
2022_01_22_11:35,22.15,21.53,20.82,20.98,19.70,16.92,0.09,31.40
2022_01_22_11:36,22.14,21.46,20.81,20.90,19.69,16.90,0.07,31.36
2022_01_22_11:37,22.12,21.51,20.79,20.88,19.70,16.91,0.10,31.36
2022_01_22_11:38,22.07,21.54,20.77,20.81,19.67,16.97,0.09,31.62
2022_01_22_11:39,22.04,21.54,20.80,20.76,19.66,16.91,0.08,31.54
2022_01_22_11:40,21.98,21.32,20.77,20.78,19.69,17.00,0.10,31.51
2022_01_22_11:41,21.97,21.31,20.78,20.77,19.66,17.16,0.09,31.42
2022_01_22_11:42,21.95,21.26,20.75,20.64,19.66,17.15,0.09,31.43
2022_01_22_11:43,21.92,21.33,20.74,20.60,19.65,17.11,0.09,31.58
2022_01_22_11:44,21.87,21.32,20.73,20.58,19.64,17.09,0.11,31.46
2022_01_22_11:45,21.88,21.37,20.74,20.61,19.63,17.15,0.09,31.61
2022_01_22_11:46,21.87,21.33,20.74,20.72,19.63,17.02,0.10,31.59
2022_01_22_11:47,21.82,21.33,20.72,20.70,19.60,16.95,0.10,31.80
2022_01_22_11:48,21.79,21.38,20.73,20.65,19.60,17.02,0.11,31.58
2022_01_22_11:49,21.79,21.38,20.71,20.61,19.60,16.93,0.11,31.63
2022_01_22_11:50,21.77,21.36,20.70,20.59,19.58,16.94,0.14,31.75
2022_01_22_11:51,21.74,21.39,20.71,20.54,19.58,16.94,0.11,31.73
2022_01_22_11:52,21.70,21.23,20.72,20.52,19.57,16.89,0.12,31.78
2022_01_22_11:53,21.69,21.25,20.68,20.37,19.56,16.92,0.15,31.87
2022_01_22_11:54,21.66,21.21,20.69,20.42,19.56,16.89,0.13,31.87
2022_01_22_11:55,21.66,21.14,20.69,20.41,19.56,16.98,0.16,31.78
2022_01_22_11:56,21.67,21.15,20.69,20.52,19.54,16.88,0.15,31.89
2022_01_22_11:57,21.66,21.39,20.71,20.59,19.53,16.94,0.17,31.89
2022_01_22_11:58,21.69,21.27,20.73,20.53,19.54,16.82,0.16,31.84
2022_01_22_11:59,21.70,21.34,20.74,20.77,19.52,16.86,0.19,31.91
2022_01_22_12:00,21.76,21.38,20.75,20.62,19.54,16.90,0.18,31.83
2022_01_22_12:01,21.81,21.39,20.79,20.85,19.53,16.89,0.17,31.86
2022_01_22_12:02,21.87,21.13,20.77,20.80,19.52,16.94,0.17,31.90
2022_01_22_12:03,21.92,21.19,20.83,20.80,19.52,16.91,0.20,31.85
2022_01_22_12:04,21.98,21.37,20.83,20.84,19.54,17.01,0.20,31.88
2022_01_22_12:05,22.05,21.37,20.84,20.77,19.56,16.98,0.19,31.87
2022_01_22_12:06,22.14,21.07,20.87,20.74,19.55,17.10,0.20,31.85
2022_01_22_12:07,22.17,21.11,20.88,20.82,19.57,17.03,0.22,31.88
2022_01_22_12:08,22.24,21.17,20.92,20.76,19.56,17.00,0.20,31.89
2022_01_22_12:09,22.33,20.92,20.94,20.77,19.58,17.11,0.20,31.88
2022_01_22_12:10,22.40,20.89,20.94,20.84,19.60,17.09,0.21,31.89
2022_01_22_12:11,22.46,20.86,20.97,20.84,19.60,17.09,0.22,31.89
2022_01_22_12:12,22.51,20.86,21.00,20.83,19.64,17.13,0.20,31.88
2022_01_22_12:13,22.58,20.77,21.00,20.77,19.66,17.15,0.20,31.91
2022_01_22_12:14,22.65,20.80,21.01,20.84,19.67,17.16,0.21,31.95
2022_01_22_12:15,22.70,20.80,21.03,20.85,19.68,17.12,0.19,31.88
2022_01_22_12:16,22.76,20.80,21.04,20.79,19.70,17.16,0.22,31.89
2022_01_22_12:17,22.81,20.73,21.07,20.86,19.72,17.12,0.21,31.95
2022_01_22_12:18,22.84,20.77,21.08,20.91,19.72,17.18,0.23,31.91
2022_01_22_12:19,22.86,20.70,21.06,20.80,19.74,17.12,0.21,32.13
2022_01_22_12:20,22.86,20.68,21.07,20.71,19.77,17.17,0.19,32.15
2022_01_22_12:21,22.87,20.66,21.08,20.71,19.78,17.15,0.22,32.10
2022_01_22_12:22,22.82,20.69,21.08,20.68,19.79,17.20,0.21,32.10
2022_01_22_12:23,22.81,20.63,21.06,20.71,19.81,17.23,0.22,32.08
2022_01_22_12:24,22.78,20.63,21.04,20.68,19.82,17.19,0.22,32.12
2022_01_22_12:25,22.75,20.67,21.03,20.69,19.81,17.23,0.23,32.14
2022_01_22_12:26,22.71,20.67,21.03,20.71,19.82,17.27,0.22,32.09
2022_01_22_12:27,22.66,20.68,21.03,20.64,19.83,17.22,0.23,32.09
2022_01_22_12:28,22.64,20.69,20.99,20.57,19.83,17.25,0.24,32.10
2022_01_22_12:29,22.58,20.71,20.99,20.55,19.83,17.18,0.24,32.32
2022_01_22_12:30,22.56,20.69,20.98,20.52,19.83,17.10,0.26,32.12
2022_01_22_12:31,22.52,20.72,20.96,20.55,19.84,17.08,0.27,32.10
2022_01_22_12:32,22.49,20.73,20.96,20.62,19.82,17.04,0.25,32.12
2022_01_22_12:33,22.46,20.74,20.94,20.61,19.83,17.03,0.26,32.11
2022_01_22_12:34,22.41,20.75,20.94,20.52,19.82,17.03,0.26,32.31
2022_01_22_12:35,22.37,20.69,20.93,20.62,19.85,17.07,0.26,32.36
2022_01_22_12:36,22.34,20.74,20.92,20.47,19.82,17.16,0.27,32.36
2022_01_22_12:37,22.32,20.78,20.89,20.51,19.82,17.20,0.25,32.15
2022_01_22_12:38,22.28,20.79,20.89,20.50,19.82,17.24,0.27,32.30
2022_01_22_12:39,22.26,20.78,20.89,20.45,19.82,17.27,0.26,32.49
2022_01_22_12:40,22.22,20.76,20.88,20.44,19.81,17.22,0.26,32.55
2022_01_22_12:41,22.19,20.81,20.86,20.52,19.80,17.23,0.24,32.42
2022_01_22_12:42,22.16,20.82,20.86,20.51,19.81,17.09,0.24,32.53
2022_01_22_12:43,22.13,20.76,20.88,20.48,19.77,17.18,0.23,32.51
2022_01_22_12:44,22.10,20.79,20.85,20.46,19.79,17.09,0.25,32.51
2022_01_22_12:45,22.08,20.85,20.85,20.41,19.78,17.04,0.23,32.52
2022_01_22_12:46,22.05,20.82,20.84,20.46,19.79,17.11,0.22,32.55
2022_01_22_12:47,22.03,20.80,20.83,20.51,19.77,17.04,0.21,32.53
2022_01_22_12:48,22.00,20.82,20.82,21.14,19.76,16.94,0.22,32.54
2022_01_22_12:49,21.99,20.79,20.82,21.39,19.73,16.92,0.23,32.64
2022_01_22_12:50,21.96,20.83,20.81,21.66,19.73,16.90,0.21,32.70
2022_01_22_12:51,21.94,20.78,20.81,21.70,19.71,16.89,0.21,32.59
2022_01_22_12:52,21.92,20.84,20.81,21.66,19.71,16.88,0.19,32.69
2022_01_22_12:53,21.93,20.85,20.82,21.57,19.70,16.92,0.21,32.79
2022_01_22_12:54,21.88,20.83,20.81,21.66,19.68,16.96,0.22,32.72
2022_01_22_12:55,21.87,20.85,20.81,21.74,19.67,16.89,0.21,32.88
2022_01_22_12:56,21.86,20.88,20.80,21.84,19.65,16.90,0.21,32.91
2022_01_22_12:57,21.83,20.82,20.78,21.83,19.66,17.02,0.19,32.81
2022_01_22_12:58,21.83,20.82,20.80,21.97,19.65,17.06,0.19,32.79
2022_01_22_12:59,21.82,20.85,20.79,21.96,19.62,16.88,0.19,32.84
2022_01_22_13:00,21.81,20.86,20.79,21.79,19.63,16.88,0.21,32.83
2022_01_22_13:01,21.79,20.90,20.80,21.48,19.60,16.89,0.19,32.93
2022_01_22_13:02,21.81,20.94,20.81,21.36,19.62,16.87,0.20,32.97
2022_01_22_13:03,21.85,20.92,20.83,21.65,19.59,16.87,0.20,32.95
2022_01_22_13:04,21.89,20.88,20.86,21.86,19.60,16.93,0.21,33.02
2022_01_22_13:05,21.95,20.91,20.88,22.08,19.60,17.04,0.21,32.95
2022_01_22_13:06,22.01,20.90,20.90,21.99,19.61,16.95,0.22,32.98
2022_01_22_13:07,22.03,20.87,20.91,21.96,19.61,17.00,0.21,32.97
2022_01_22_13:08,22.12,20.86,20.91,22.00,19.61,17.18,0.21,33.13
2022_01_22_13:09,22.18,20.86,20.95,22.02,19.62,17.19,0.20,32.99
2022_01_22_13:10,22.24,20.85,20.98,22.18,19.62,17.22,0.21,32.98
2022_01_22_13:11,22.33,20.80,20.97,22.19,19.64,17.29,0.21,33.02
2022_01_22_13:12,22.40,20.78,20.97,22.21,19.65,17.36,0.22,33.05
2022_01_22_13:13,22.45,20.79,20.98,22.32,19.67,17.37,0.21,33.13
2022_01_22_13:14,22.53,20.67,21.02,22.38,19.67,17.46,0.23,33.19
2022_01_22_13:15,22.63,20.71,21.05,22.33,19.70,17.42,0.21,33.20
2022_01_22_13:16,22.68,20.68,21.03,22.42,19.71,17.41,0.21,33.17
2022_01_22_13:17,22.75,20.70,21.06,22.32,19.73,17.48,0.22,33.24
2022_01_22_13:18,22.81,20.63,21.06,22.37,19.76,17.39,0.22,33.26
2022_01_22_13:19,22.88,20.59,21.09,22.50,19.75,17.48,0.23,33.29
2022_01_22_13:20,22.94,20.61,21.10,22.52,19.77,17.40,0.23,33.21
2022_01_22_13:21,22.95,20.57,21.11,22.63,19.80,17.39,0.23,33.34
2022_01_22_13:22,22.95,20.56,21.09,22.47,19.81,17.35,0.24,33.28
2022_01_22_13:23,22.95,20.56,21.09,22.67,19.82,17.35,0.25,33.32
2022_01_22_13:24,22.93,20.46,21.08,22.76,19.83,17.34,0.25,33.40
2022_01_22_13:25,22.92,20.36,21.10,22.83,19.85,17.41,0.26,33.28
2022_01_22_13:26,22.91,20.36,21.08,22.77,19.86,17.27,0.25,33.31
2022_01_22_13:27,22.86,20.51,21.07,22.61,19.86,17.25,0.24,33.31
2022_01_22_13:28,22.83,20.43,21.07,22.52,19.87,17.31,0.25,33.34
2022_01_22_13:29,22.80,20.35,21.06,22.44,19.88,17.26,0.26,33.41
2022_01_22_13:30,22.78,20.60,21.05,22.35,19.88,17.31,0.24,33.42
2022_01_22_13:31,22.74,20.49,21.04,22.25,19.88,17.29,0.25,33.47
2022_01_22_13:32,22.69,20.49,21.04,22.17,19.87,17.39,0.26,33.37
2022_01_22_13:33,22.67,20.63,21.01,22.08,19.90,17.34,0.26,33.50
2022_01_22_13:34,22.65,20.66,21.00,22.07,19.88,17.28,0.26,33.54
2022_01_22_13:35,22.60,20.62,21.00,21.94,19.89,17.28,0.27,33.46
2022_01_22_13:36,22.56,20.68,20.98,21.94,19.88,17.24,0.28,33.51
2022_01_22_13:37,22.50,20.76,20.98,21.82,19.89,17.25,0.28,33.52
2022_01_22_13:38,22.49,20.71,20.99,21.72,19.87,17.22,0.26,33.46
2022_01_22_13:39,22.46,20.74,20.95,21.65,19.86,17.28,0.27,33.59
2022_01_22_13:40,22.44,20.70,20.95,21.68,19.87,17.31,0.25,33.56
2022_01_22_13:41,22.42,20.75,20.94,21.58,19.87,17.32,0.26,33.63
2022_01_22_13:42,22.38,20.77,20.93,21.65,19.86,17.38,0.25,33.65
2022_01_22_13:43,22.36,20.76,20.92,21.61,19.86,17.30,0.26,33.62
2022_01_22_13:44,22.34,20.77,20.92,21.53,19.83,17.37,0.27,33.60
2022_01_22_13:45,22.30,20.77,20.90,21.55,19.82,17.41,0.27,33.66
2022_01_22_13:46,22.26,20.75,20.91,21.47,19.81,17.39,0.27,33.70
2022_01_22_13:47,22.26,20.78,20.92,21.41,19.81,17.47,0.26,33.62
2022_01_22_13:48,22.23,20.75,20.89,21.47,19.81,17.43,0.26,33.70
2022_01_22_13:49,22.21,20.76,20.89,21.44,19.81,17.55,0.27,33.69
2022_01_22_13:50,22.19,20.83,20.88,21.42,19.80,17.44,0.27,33.73
2022_01_22_13:51,22.15,20.85,20.89,21.40,19.78,17.46,0.27,33.76
2022_01_22_13:52,22.16,20.82,20.87,21.35,19.78,17.44,0.24,33.78
2022_01_22_13:53,22.12,20.74,20.85,21.27,19.76,17.45,0.26,33.72
2022_01_22_13:54,22.11,20.77,20.86,21.28,19.76,17.38,0.25,33.78
2022_01_22_13:55,22.07,20.81,20.83,21.27,19.76,17.45,0.27,33.79
2022_01_22_13:56,22.04,20.75,20.85,21.26,19.75,17.50,0.26,33.80
2022_01_22_13:57,22.04,20.79,20.85,21.26,19.74,17.56,0.25,33.81
2022_01_22_13:58,22.01,20.85,20.83,21.33,19.72,17.52,0.24,33.78
2022_01_22_13:59,21.98,20.78,20.82,21.20,19.71,17.58,0.23,33.79
2022_01_22_14:00,21.98,20.75,20.82,21.17,19.72,17.50,0.25,33.91
2022_01_22_14:01,21.95,20.82,20.82,21.20,19.70,17.52,0.24,33.86
2022_01_22_14:02,21.92,20.83,20.82,21.05,19.69,17.47,0.25,33.85
2022_01_22_14:03,21.91,20.83,20.80,21.05,19.69,17.44,0.24,33.82
2022_01_22_14:04,21.90,20.82,20.80,21.10,19.66,17.52,0.25,33.95
2022_01_22_14:05,21.89,20.72,20.77,21.05,19.66,17.44,0.24,33.91
2022_01_22_14:06,21.88,20.86,20.79,20.97,19.65,17.47,0.24,33.90
2022_01_22_14:07,21.89,20.79,20.78,20.87,19.66,17.40,0.24,33.97
2022_01_22_14:08,21.91,20.84,20.82,20.83,19.66,17.43,0.23,34.00
2022_01_22_14:09,21.93,20.85,20.80,20.89,19.65,17.43,0.24,33.98
2022_01_22_14:10,21.98,20.86,20.83,21.01,19.64,17.51,0.23,33.97
2022_01_22_14:11,22.03,20.79,20.86,21.08,19.65,17.47,0.23,34.03
2022_01_22_14:12,22.10,20.74,20.84,20.97,19.65,17.51,0.21,33.95
2022_01_22_14:13,22.15,20.76,20.88,20.98,19.65,17.60,0.22,33.94
2022_01_22_14:14,22.21,20.72,20.90,20.83,19.65,17.72,0.23,34.00
2022_01_22_14:15,22.26,20.77,20.90,20.67,19.66,17.67,0.23,34.04
2022_01_22_14:16,22.29,20.72,20.92,20.70,19.67,17.65,0.22,34.03
2022_01_22_14:17,22.34,20.67,20.90,20.81,19.68,17.58,0.23,34.06
2022_01_22_14:18,22.36,20.66,20.91,20.83,19.69,17.62,0.22,34.08
2022_01_22_14:19,22.41,20.70,20.89,20.92,19.67,17.59,0.24,34.09
2022_01_22_14:20,22.43,20.64,20.89,21.04,19.69,17.57,0.24,34.07
2022_01_22_14:21,22.41,20.61,20.90,21.13,19.70,17.64,0.22,34.06
2022_01_22_14:22,22.41,20.49,20.89,21.40,19.69,17.65,0.21,34.06
2022_01_22_14:23,22.40,20.67,20.87,21.25,19.71,17.60,0.22,34.16
2022_01_22_14:24,22.38,20.53,20.83,21.24,19.71,17.59,0.23,34.16
2022_01_22_14:25,22.33,20.63,20.84,21.17,19.71,17.60,0.22,34.15
2022_01_22_14:26,22.33,20.62,20.84,21.15,19.71,17.60,0.21,34.17
2022_01_22_14:27,22.31,20.67,20.84,21.24,19.72,17.63,0.21,34.17
2022_01_22_14:28,22.25,20.68,20.82,21.31,19.71,17.62,0.22,34.21
2022_01_22_14:29,22.23,20.73,20.80,21.23,19.70,17.55,0.21,34.26
2022_01_22_14:30,22.21,20.60,20.80,21.21,19.72,17.52,0.21,34.21
2022_01_22_14:31,22.18,20.73,20.79,21.19,19.72,17.51,0.23,34.18
2022_01_22_14:32,22.15,20.71,20.78,21.27,19.71,17.60,0.19,34.17
2022_01_22_14:33,22.11,20.66,20.74,21.23,19.70,17.59,0.20,34.25
2022_01_22_14:34,22.09,20.74,20.75,21.19,19.70,17.56,0.21,34.26
2022_01_22_14:35,22.09,20.82,20.72,21.20,19.68,17.55,0.20,34.19
2022_01_22_14:36,22.05,20.70,20.69,21.09,19.69,17.60,0.19,34.24
2022_01_22_14:37,22.01,20.73,20.70,21.06,19.69,17.68,0.20,34.25
2022_01_22_14:38,22.00,20.73,20.70,21.06,19.68,17.69,0.21,34.20
2022_01_22_14:39,21.97,20.78,20.68,21.04,19.68,17.74,0.20,34.29
2022_01_22_14:40,21.97,20.80,20.67,21.02,19.66,17.77,0.20,34.29
2022_01_22_14:41,21.96,20.79,20.69,21.13,19.66,17.79,0.20,34.35
2022_01_22_14:42,21.97,20.75,20.70,21.21,19.65,17.78,0.19,34.33
2022_01_22_14:43,21.99,20.83,20.73,21.21,19.66,17.65,0.19,34.37
2022_01_22_14:44,22.03,20.76,20.74,21.42,19.67,17.67,0.20,34.38
2022_01_22_14:45,22.10,20.85,20.74,21.29,19.66,17.64,0.19,34.37
2022_01_22_14:46,22.13,20.75,20.73,21.38,19.67,17.62,0.20,34.41
2022_01_22_14:47,22.17,20.82,20.77,21.44,19.66,17.57,0.21,34.43
2022_01_22_14:48,22.25,20.72,20.78,21.44,19.66,17.56,0.21,34.41
2022_01_22_14:49,22.31,20.71,20.81,21.38,19.68,17.63,0.20,34.44
2022_01_22_14:50,22.36,20.76,20.81,21.40,19.68,17.60,0.20,34.45
2022_01_22_14:51,22.45,20.71,20.81,21.33,19.70,17.58,0.20,34.43
2022_01_22_14:52,22.50,20.71,20.84,21.30,19.70,17.70,0.22,34.44
2022_01_22_14:53,22.58,20.63,20.84,21.34,19.71,17.74,0.21,34.50
2022_01_22_14:54,22.65,20.60,20.90,21.33,19.71,17.75,0.21,34.41
2022_01_22_14:55,22.71,20.55,20.90,21.27,19.72,17.71,0.22,34.49
2022_01_22_14:56,22.79,20.53,20.91,21.31,19.75,17.78,0.21,34.46
2022_01_22_14:57,22.86,20.56,20.93,21.31,19.77,17.87,0.23,34.51
2022_01_22_14:58,22.92,20.44,20.96,21.29,19.77,17.82,0.24,34.48
2022_01_22_14:59,22.97,20.50,20.97,21.32,19.79,17.83,0.23,34.51
2022_01_22_15:00,23.02,20.32,21.00,21.23,19.81,17.84,0.24,34.57
2022_01_22_15:01,23.08,20.35,21.01,21.32,19.81,17.96,0.24,34.50
2022_01_22_15:02,23.13,20.34,21.00,21.32,19.83,17.94,0.23,34.59
2022_01_22_15:03,23.17,20.28,21.02,21.21,19.85,17.94,0.24,34.56
2022_01_22_15:04,23.19,20.26,21.01,21.31,19.86,17.98,0.25,34.52
2022_01_22_15:05,23.19,20.25,21.00,21.28,19.88,17.97,0.21,34.62
2022_01_22_15:06,23.18,20.32,21.01,21.15,19.88,17.87,0.25,34.60
2022_01_22_15:07,23.18,20.22,20.97,21.11,19.90,17.83,0.21,34.61
2022_01_22_15:08,23.15,20.23,20.99,21.11,19.91,17.87,0.23,34.62
2022_01_22_15:09,23.11,20.27,20.97,21.13,19.93,17.97,0.25,34.64
2022_01_22_15:10,23.09,20.25,20.95,21.16,19.94,17.92,0.24,34.67
2022_01_22_15:11,23.05,20.32,20.94,21.08,19.93,17.93,0.25,34.66
2022_01_22_15:12,23.00,20.40,20.93,21.10,19.95,17.95,0.24,34.66
2022_01_22_15:13,22.96,20.40,20.93,21.20,19.95,18.05,0.24,34.65
2022_01_22_15:14,22.92,20.33,20.91,21.16,19.96,18.05,0.24,34.68
2022_01_22_15:15,22.88,20.40,20.90,21.13,19.95,18.07,0.23,34.73
2022_01_22_15:16,22.85,20.43,20.87,21.10,19.96,18.07,0.24,34.73
2022_01_22_15:17,22.79,20.58,20.86,21.19,19.96,18.05,0.23,34.81
2022_01_22_15:18,22.77,20.50,20.86,21.16,19.96,18.17,0.22,34.77
2022_01_22_15:19,22.72,20.67,20.85,21.18,19.98,18.20,0.25,34.83
2022_01_22_15:20,22.68,20.53,20.83,21.16,19.95,18.22,0.24,34.78
2022_01_22_15:21,22.64,20.59,20.83,21.09,19.97,18.05,0.24,34.90
2022_01_22_15:22,22.60,20.67,20.81,21.04,19.94,18.18,0.21,34.93
2022_01_22_15:23,22.58,20.63,20.81,21.20,19.94,18.18,0.22,34.92
2022_01_22_15:24,22.55,20.67,20.80,21.14,19.94,18.27,0.22,34.94
2022_01_22_15:25,22.50,20.72,20.80,21.09,19.94,18.25,0.22,34.95
2022_01_22_15:26,22.48,20.74,20.79,21.18,19.94,18.16,0.22,34.94
2022_01_22_15:27,22.43,20.66,20.77,21.19,19.93,18.10,0.24,35.03
2022_01_22_15:28,22.40,20.74,20.77,21.08,19.92,18.13,0.24,35.04
2022_01_22_15:29,22.39,20.73,20.76,21.17,19.92,18.10,0.23,35.06
2022_01_22_15:30,22.35,20.75,20.75,21.16,19.92,18.07,0.23,35.05
2022_01_22_15:31,22.36,20.72,20.76,21.12,19.91,18.16,0.21,35.16
2022_01_22_15:32,22.33,20.70,20.74,21.18,19.91,18.17,0.23,35.16
2022_01_22_15:33,22.31,20.81,20.73,21.15,19.90,18.29,0.22,35.15
2022_01_22_15:34,22.27,20.84,20.73,21.19,19.88,18.24,0.23,35.22
2022_01_22_15:35,22.26,20.81,20.71,21.12,19.87,18.09,0.23,35.29
2022_01_22_15:36,22.23,20.82,20.72,21.13,19.86,18.12,0.23,35.31
2022_01_22_15:37,22.20,20.81,20.69,21.11,19.86,18.17,0.23,35.32
2022_01_22_15:38,22.18,20.84,20.71,21.10,19.85,18.20,0.23,35.33
2022_01_22_15:39,22.16,20.81,20.70,21.07,19.84,18.28,0.23,35.34
2022_01_22_15:40,22.14,20.82,20.69,21.14,19.84,18.25,0.23,35.38
2022_01_22_15:41,22.11,20.87,20.68,21.17,19.82,18.22,0.24,35.41
2022_01_22_15:42,22.11,20.87,20.70,21.13,19.82,18.26,0.24,35.43
2022_01_22_15:43,22.07,20.84,20.69,21.20,19.80,18.23,0.22,35.44
2022_01_22_15:44,22.06,20.82,20.67,21.11,19.79,18.23,0.23,35.47
2022_01_22_15:45,22.03,20.87,20.67,21.16,19.77,18.34,0.24,35.43
2022_01_22_15:46,22.01,20.83,20.67,21.15,19.77,18.32,0.23,35.52
2022_01_22_15:47,21.97,20.85,20.65,21.09,19.74,18.32,0.23,35.51
2022_01_22_15:48,21.96,20.85,20.65,21.24,19.75,18.34,0.22,35.58
2022_01_22_15:49,21.95,20.79,20.65,21.23,19.75,18.33,0.21,35.65
2022_01_22_15:50,21.93,20.89,20.64,21.22,19.73,18.36,0.22,35.67
2022_01_22_15:51,21.91,20.83,20.62,21.29,19.72,18.39,0.22,35.59
2022_01_22_15:52,21.89,20.83,20.63,21.34,19.71,18.41,0.24,35.62
2022_01_22_15:53,21.88,20.85,20.62,20.94,19.68,18.42,0.23,35.73
2022_01_22_15:54,21.89,20.86,20.64,21.31,19.69,18.32,0.24,35.66
2022_01_22_15:55,21.88,20.88,20.64,21.44,19.67,18.35,0.24,35.71
2022_01_22_15:56,21.91,20.85,20.66,21.34,19.68,18.39,0.21,35.78
2022_01_22_15:57,21.95,20.83,20.66,21.44,19.66,18.31,0.26,35.83
2022_01_22_15:58,21.98,20.78,20.69,21.53,19.66,18.34,0.25,35.83
2022_01_22_15:59,22.04,20.80,20.71,21.51,19.65,18.38,0.26,35.81
2022_01_22_16:00,22.09,20.79,20.73,21.56,19.66,18.42,0.25,35.86
2022_01_22_16:01,22.14,20.85,20.74,21.56,19.68,18.45,0.25,35.87
2022_01_22_16:02,22.21,20.77,20.76,21.53,19.68,18.44,0.25,35.86
2022_01_22_16:03,22.30,20.78,20.78,21.49,19.66,18.54,0.24,35.92
2022_01_22_16:04,22.34,20.75,20.81,21.43,19.68,18.59,0.26,35.99
2022_01_22_16:05,22.40,20.69,20.84,21.39,19.69,18.50,0.25,35.96
2022_01_22_16:06,22.49,20.72,20.86,21.35,19.70,18.47,0.27,35.92
2022_01_22_16:07,22.54,20.69,20.88,21.30,19.70,18.50,0.23,35.98
2022_01_22_16:08,22.61,20.66,20.87,21.36,19.72,18.46,0.27,36.02
2022_01_22_16:09,22.67,20.58,20.90,21.36,19.73,18.51,0.26,36.01
2022_01_22_16:10,22.72,20.61,20.92,21.37,19.75,18.51,0.27,36.11
2022_01_22_16:11,22.82,20.58,20.93,21.40,19.75,18.57,0.25,36.08
2022_01_22_16:12,22.86,20.48,20.95,21.38,19.77,18.46,0.27,36.18
2022_01_22_16:13,22.90,20.55,20.94,21.36,19.79,18.45,0.27,36.14
2022_01_22_16:14,22.94,20.48,20.98,21.26,19.83,18.52,0.28,36.11
2022_01_22_16:15,22.99,20.35,20.98,21.36,19.84,18.54,0.25,36.17
2022_01_22_16:16,23.01,20.26,20.98,21.32,19.85,18.49,0.27,36.26
2022_01_22_16:17,23.01,20.21,20.98,21.25,19.87,18.51,0.27,36.23
2022_01_22_16:18,22.99,20.30,20.96,21.20,19.87,18.52,0.28,36.30
2022_01_22_16:19,23.01,20.27,20.97,21.15,19.88,18.55,0.29,36.25
2022_01_22_16:20,22.98,20.22,20.97,21.24,19.90,18.55,0.28,36.27
2022_01_22_16:21,22.95,20.30,20.95,21.26,19.90,18.57,0.26,36.38
2022_01_22_16:22,22.89,20.23,20.94,21.19,19.92,18.55,0.27,36.37
2022_01_22_16:23,22.88,20.27,20.94,21.17,19.93,18.51,0.28,36.39
2022_01_22_16:24,22.83,20.30,20.92,21.22,19.94,18.51,0.29,36.36
2022_01_22_16:25,22.79,20.48,20.91,21.27,19.92,18.54,0.29,36.42
2022_01_22_16:26,22.75,20.34,20.91,21.20,19.94,18.53,0.29,36.36
2022_01_22_16:27,22.69,20.42,20.90,21.20,19.96,18.52,0.27,36.39
2022_01_22_16:28,22.66,20.44,20.88,21.25,19.95,18.63,0.29,36.49
2022_01_22_16:29,22.62,20.39,20.85,21.16,19.93,18.58,0.29,36.52
2022_01_22_16:30,22.59,20.40,20.84,21.20,19.95,18.61,0.28,36.51
2022_01_22_16:31,22.56,20.50,20.85,21.18,19.96,18.71,0.29,36.49
2022_01_22_16:32,22.52,20.53,20.82,21.16,19.95,18.55,0.29,36.53
2022_01_22_16:33,22.49,20.50,20.82,21.19,19.95,18.65,0.30,36.53
2022_01_22_16:34,22.46,20.43,20.80,21.19,19.94,18.74,0.29,36.58
2022_01_22_16:35,22.42,20.46,20.82,21.16,19.94,18.60,0.29,36.59
2022_01_22_16:36,22.37,20.45,20.79,21.11,19.95,18.74,0.30,36.63
2022_01_22_16:37,22.33,20.58,20.78,21.13,19.93,18.65,0.31,36.61
2022_01_22_16:38,22.30,20.68,20.78,21.14,19.93,18.77,0.31,36.73
2022_01_22_16:39,22.29,20.68,20.77,21.15,19.92,18.74,0.32,36.62
2022_01_22_16:40,22.27,20.68,20.75,21.27,19.93,18.72,0.31,36.67
2022_01_22_16:41,22.24,20.70,20.76,21.27,19.93,18.70,0.32,36.72
2022_01_22_16:42,22.21,20.62,20.77,21.30,19.92,18.78,0.32,36.70
2022_01_22_16:43,22.19,20.71,20.76,21.34,19.89,18.71,0.31,36.70
2022_01_22_16:44,22.16,20.72,20.78,21.36,19.89,18.68,0.32,36.72
2022_01_22_16:45,22.15,20.72,20.76,21.33,19.86,18.78,0.33,36.69
2022_01_22_16:46,22.12,20.80,20.77,21.36,19.89,18.76,0.32,36.78
2022_01_22_16:47,22.11,20.73,20.75,21.41,19.85,18.77,0.33,36.73
2022_01_22_16:48,22.08,20.77,20.73,21.43,19.85,18.74,0.32,36.78
2022_01_22_16:49,22.05,20.75,20.74,21.40,19.83,18.78,0.34,36.85
2022_01_22_16:50,22.04,20.80,20.73,21.35,19.82,18.76,0.35,36.78
2022_01_22_16:51,22.03,20.83,20.72,21.35,19.81,18.80,0.34,36.84
2022_01_22_16:52,22.00,20.75,20.71,21.37,19.80,18.73,0.36,36.88
2022_01_22_16:53,22.00,20.83,20.72,21.36,19.80,18.82,0.34,36.89
2022_01_22_16:54,21.96,20.86,20.70,21.37,19.80,18.81,0.35,36.92
2022_01_22_16:55,21.92,20.85,20.71,21.33,19.77,18.79,0.34,37.01
2022_01_22_16:56,21.91,20.88,20.71,21.35,19.76,18.78,0.35,36.99
2022_01_22_16:57,21.90,20.85,20.70,21.29,19.74,18.85,0.34,37.01
2022_01_22_16:58,21.87,20.83,20.69,21.24,19.74,18.77,0.33,36.97
2022_01_22_16:59,21.85,20.81,20.69,21.26,19.71,18.83,0.34,36.97
2022_01_22_17:00,21.84,20.81,20.67,21.33,19.73,18.82,0.34,37.00
2022_01_22_17:01,21.83,20.81,20.69,21.30,19.71,18.76,0.36,37.04
2022_01_22_17:02,21.82,20.85,20.70,21.27,19.69,18.89,0.34,37.08
2022_01_22_17:03,21.78,20.85,20.69,21.27,19.70,18.84,0.35,37.09
2022_01_22_17:04,21.77,20.93,20.67,21.23,19.68,18.88,0.35,37.11
2022_01_22_17:05,21.74,20.94,20.68,21.20,19.67,18.90,0.36,37.11
2022_01_22_17:06,21.75,20.96,20.68,21.28,19.65,18.84,0.35,37.13
2022_01_22_17:07,21.73,20.93,20.67,21.29,19.63,18.86,0.36,37.20
2022_01_22_17:08,21.72,21.02,20.67,21.23,19.63,18.89,0.40,37.15
2022_01_22_17:09,21.70,21.00,20.65,21.14,19.62,18.91,0.37,37.18
2022_01_22_17:10,21.69,20.94,20.66,21.19,19.60,18.93,0.36,37.22
2022_01_22_17:11,21.67,20.96,20.63,21.19,19.59,18.90,0.38,37.25
2022_01_22_17:12,21.66,20.99,20.64,21.23,19.57,18.84,0.37,37.17
2022_01_22_17:13,21.63,20.95,20.63,21.17,19.57,18.87,0.37,37.23
2022_01_22_17:14,21.60,20.97,20.63,21.10,19.56,18.87,0.39,37.24
2022_01_22_17:15,21.59,21.03,20.63,21.16,19.55,18.86,0.38,37.30
2022_01_22_17:16,21.57,21.06,20.63,21.17,19.53,18.85,0.39,37.30
2022_01_22_17:17,21.54,21.06,20.63,21.13,19.52,18.91,0.39,37.30
2022_01_22_17:18,21.54,21.06,20.63,21.03,19.51,18.87,0.39,37.27
2022_01_22_17:19,21.51,21.07,20.61,21.05,19.52,18.85,0.39,37.32
2022_01_22_17:20,21.50,21.08,20.62,21.08,19.50,18.91,0.37,37.30
2022_01_22_17:21,21.50,21.04,20.61,21.01,19.47,18.86,0.41,37.36
2022_01_22_17:22,21.49,21.03,20.62,21.12,19.46,18.88,0.39,37.28
2022_01_22_17:23,21.47,21.10,20.59,21.16,19.45,18.93,0.39,37.37
2022_01_22_17:24,21.45,21.03,20.62,21.34,19.45,18.89,0.39,37.35
2022_01_22_17:25,21.47,21.10,20.60,21.68,19.44,18.80,0.39,37.36
2022_01_22_17:26,21.49,21.09,20.67,21.45,19.45,18.88,0.40,37.34
2022_01_22_17:27,21.52,21.01,20.65,21.45,19.43,18.94,0.40,37.41
2022_01_22_17:28,21.56,21.04,20.68,21.84,19.44,18.91,0.40,37.37
2022_01_22_17:29,21.62,21.07,20.69,21.87,19.45,18.98,0.41,37.38
2022_01_22_17:30,21.63,21.01,20.72,21.77,19.44,18.95,0.41,37.42
2022_01_22_17:31,21.71,21.04,20.74,21.74,19.46,19.06,0.41,37.41
2022_01_22_17:32,21.77,21.00,20.76,21.66,19.46,18.99,0.42,37.39
2022_01_22_17:33,21.82,20.97,20.78,21.67,19.46,19.11,0.41,37.41
2022_01_22_17:34,21.90,20.94,20.81,21.62,19.50,19.07,0.41,37.44
2022_01_22_17:35,21.95,20.92,20.82,21.60,19.50,19.11,0.43,37.34
2022_01_22_17:36,22.03,20.90,20.88,21.56,19.51,19.08,0.41,37.49
2022_01_22_17:37,22.07,20.85,20.87,21.59,19.52,18.99,0.43,37.46
2022_01_22_17:38,22.12,20.84,20.87,21.59,19.54,19.02,0.43,37.46
2022_01_22_17:39,22.20,20.78,20.92,21.66,19.55,19.01,0.44,37.57
2022_01_22_17:40,22.26,20.73,20.95,21.66,19.56,19.12,0.44,37.53
2022_01_22_17:41,22.31,20.73,20.96,21.61,19.59,18.89,0.43,37.57
2022_01_22_17:42,22.37,20.74,20.98,21.59,19.61,19.10,0.44,37.61
2022_01_22_17:43,22.41,20.71,20.98,21.60,19.63,19.04,0.44,37.60
2022_01_22_17:44,22.48,20.67,21.02,21.59,19.64,19.02,0.45,37.55
2022_01_22_17:45,22.51,20.69,21.05,21.60,19.67,18.99,0.43,37.54
2022_01_22_17:46,22.56,20.61,21.06,21.60,19.68,19.05,0.42,37.63
2022_01_22_17:47,22.62,20.63,21.07,21.57,19.69,19.12,0.43,37.60
2022_01_22_17:48,22.65,20.61,21.06,21.58,19.72,18.99,0.44,37.56
2022_01_22_17:49,22.69,20.37,21.08,21.54,19.72,19.10,0.45,37.58
2022_01_22_17:50,22.68,20.41,21.09,21.32,19.75,19.10,0.45,37.61
2022_01_22_17:51,22.66,20.52,21.09,21.37,19.78,19.09,0.44,37.64
2022_01_22_17:52,22.64,20.39,21.05,21.36,19.79,19.02,0.45,37.63
2022_01_22_17:53,22.63,20.35,21.07,21.35,19.80,19.09,0.47,37.65
2022_01_22_17:54,22.59,20.37,21.05,21.33,19.82,19.04,0.45,37.66
2022_01_22_17:55,22.54,20.46,21.05,21.40,19.83,19.00,0.45,37.65
2022_01_22_17:56,22.51,20.37,21.02,21.40,19.83,19.07,0.45,37.75
2022_01_22_17:57,22.47,20.40,21.02,21.32,19.86,19.04,0.45,37.71
2022_01_22_17:58,22.43,20.43,21.01,21.41,19.84,19.10,0.47,37.72
2022_01_22_17:59,22.41,20.41,21.00,21.30,19.86,18.95,0.47,37.71
2022_01_22_18:00,22.37,20.39,20.98,21.36,19.87,19.10,0.45,37.75
2022_01_22_18:01,22.34,20.50,20.97,21.31,19.87,19.04,0.47,37.79
2022_01_22_18:02,22.29,20.65,20.96,21.38,19.87,19.00,0.48,37.79
2022_01_22_18:03,22.26,20.49,20.95,21.33,19.89,19.19,0.46,37.77
2022_01_22_18:04,22.23,20.66,20.93,21.51,19.89,19.04,0.45,37.78
2022_01_22_18:05,22.19,20.68,20.93,21.64,19.89,19.15,0.48,37.78
2022_01_22_18:06,22.14,20.72,20.93,22.03,19.88,19.08,0.47,37.74
2022_01_22_18:07,22.13,20.65,20.92,22.32,19.89,19.14,0.47,37.82
2022_01_22_18:08,22.08,20.76,20.91,22.51,19.87,19.09,0.46,37.90
2022_01_22_18:09,22.06,20.75,20.92,22.72,19.88,19.15,0.47,37.81
2022_01_22_18:10,22.02,20.81,20.90,22.81,19.87,19.08,0.48,37.75
2022_01_22_18:11,22.02,20.73,20.91,22.74,19.87,19.13,0.48,37.77
2022_01_22_18:12,21.98,20.72,20.89,22.75,19.86,19.17,0.48,37.93
2022_01_22_18:13,21.97,20.82,20.90,22.60,19.85,19.19,0.48,37.82
2022_01_22_18:14,21.93,20.73,20.89,22.51,19.84,19.19,0.49,37.84
2022_01_22_18:15,21.91,20.88,20.88,22.55,19.82,19.17,0.51,37.84
2022_01_22_18:16,21.90,20.81,20.88,22.76,19.83,19.17,0.50,37.83
2022_01_22_18:17,21.87,20.75,20.85,22.70,19.82,19.15,0.49,37.97
2022_01_22_18:18,21.86,20.82,20.87,22.61,19.80,19.12,0.50,37.92
2022_01_22_18:19,21.84,20.85,20.86,22.80,19.79,19.17,0.51,37.87
2022_01_22_18:20,21.80,20.86,20.86,22.55,19.79,19.20,0.49,37.84
2022_01_22_18:21,21.79,20.87,20.88,22.71,19.79,19.14,0.48,37.95
2022_01_22_18:22,21.75,20.85,20.85,22.53,19.77,19.13,0.49,37.96
2022_01_22_18:23,21.75,20.87,20.83,22.42,19.75,19.13,0.51,37.92
2022_01_22_18:24,21.71,20.82,20.84,22.43,19.75,19.19,0.50,37.86
2022_01_22_18:25,21.71,20.83,20.84,22.33,19.73,19.18,0.51,37.86
2022_01_22_18:26,21.68,20.88,20.83,22.25,19.73,19.25,0.51,37.87
2022_01_22_18:27,21.67,20.95,20.83,22.25,19.74,19.14,0.51,37.97
2022_01_22_18:28,21.64,20.95,20.82,22.44,19.71,19.28,0.50,37.95
2022_01_22_18:29,21.61,20.92,20.81,22.68,19.69,19.23,0.51,37.99
2022_01_22_18:30,21.60,20.89,20.80,22.69,19.70,19.18,0.51,38.02
2022_01_22_18:31,21.59,20.90,20.83,22.53,19.70,19.23,0.53,37.98
2022_01_22_18:32,21.57,20.95,20.82,22.35,19.66,19.11,0.53,37.98
2022_01_22_18:33,21.54,20.93,20.81,22.30,19.66,19.29,0.51,37.95
2022_01_22_18:34,21.52,20.89,20.83,22.22,19.66,19.33,0.52,37.99
2022_01_22_18:35,21.51,20.91,20.82,22.01,19.64,19.30,0.51,37.99
2022_01_22_18:36,21.51,20.97,20.81,22.00,19.64,19.33,0.53,38.00
2022_01_22_18:37,21.47,20.95,20.80,22.00,19.64,19.32,0.54,37.93
2022_01_22_18:38,21.45,21.02,20.80,21.90,19.63,19.35,0.55,38.02
2022_01_22_18:39,21.43,21.02,20.81,21.94,19.63,19.35,0.52,37.98
2022_01_22_18:40,21.43,20.96,20.79,21.92,19.62,19.38,0.54,37.99
2022_01_22_18:41,21.42,20.98,20.79,21.94,19.61,19.27,0.56,38.04
2022_01_22_18:42,21.43,21.00,20.82,22.16,19.58,19.17,0.54,38.00
2022_01_22_18:43,21.43,21.01,20.82,22.31,19.61,19.39,0.55,38.04
2022_01_22_18:44,21.46,21.06,20.85,22.31,19.60,19.27,0.55,38.00
2022_01_22_18:45,21.49,21.00,20.85,22.26,19.59,19.34,0.56,37.99
2022_01_22_18:46,21.53,21.00,20.84,22.23,19.56,19.36,0.54,38.04
2022_01_22_18:47,21.58,20.98,20.88,22.23,19.60,19.40,0.55,38.03
2022_01_22_18:48,21.60,20.99,20.92,22.20,19.60,19.39,0.56,38.00
2022_01_22_18:49,21.68,21.02,20.94,22.07,19.59,19.37,0.55,38.14
2022_01_22_18:50,21.73,20.93,20.95,22.07,19.62,19.44,0.57,38.19
2022_01_22_18:51,21.77,20.95,20.97,21.96,19.65,19.41,0.55,38.16
2022_01_22_18:52,21.85,20.94,20.99,22.00,19.64,19.42,0.57,38.22
2022_01_22_18:53,21.92,20.97,21.03,22.00,19.64,19.36,0.56,38.22
2022_01_22_18:54,21.98,20.96,21.04,21.94,19.67,19.35,0.57,38.18
2022_01_22_18:55,22.05,20.90,21.10,21.91,19.67,19.36,0.57,38.18
2022_01_22_18:56,22.10,20.90,21.09,21.87,19.68,19.33,0.56,38.23
2022_01_22_18:57,22.18,20.87,21.13,21.79,19.70,19.33,0.57,38.24
2022_01_22_18:58,22.23,20.85,21.16,21.82,19.71,19.36,0.57,38.21
2022_01_22_18:59,22.27,20.81,21.19,21.79,19.74,19.41,0.57,38.22
2022_01_22_19:00,22.34,20.86,21.21,21.75,19.75,19.34,0.57,38.23
2022_01_22_19:01,22.42,20.78,21.24,21.76,19.77,19.47,0.58,38.19
2022_01_22_19:02,22.45,20.69,21.25,21.68,19.77,19.32,0.57,38.20
2022_01_22_19:03,22.50,20.72,21.26,21.67,19.79,19.39,0.59,38.21
2022_01_22_19:04,22.55,20.76,21.27,21.76,19.82,19.32,0.59,38.22
2022_01_22_19:05,22.57,20.71,21.27,21.68,19.82,19.33,0.60,38.23
2022_01_22_19:06,22.58,20.58,21.29,21.56,19.84,19.36,0.59,38.23
2022_01_22_19:07,22.60,20.61,21.29,21.49,19.86,19.38,0.58,38.21
2022_01_22_19:08,22.59,20.58,21.27,21.59,19.87,19.34,0.61,38.20
2022_01_22_19:09,22.58,20.58,21.27,21.52,19.89,19.32,0.59,38.22
2022_01_22_19:10,22.56,20.62,21.29,21.53,19.89,19.33,0.60,38.20
2022_01_22_19:11,22.53,20.54,21.26,21.52,19.91,19.32,0.60,38.22
2022_01_22_19:12,22.50,20.46,21.24,21.54,19.91,19.38,0.60,38.22
2022_01_22_19:13,22.46,20.43,21.24,21.52,19.92,19.41,0.61,38.22
2022_01_22_19:14,22.43,20.54,21.23,21.55,19.93,19.34,0.61,38.25
2022_01_22_19:15,22.39,20.64,21.24,21.57,19.93,19.36,0.60,38.21
2022_01_22_19:16,22.34,20.60,21.22,21.56,19.94,19.29,0.59,38.25
2022_01_22_19:17,22.30,20.67,21.21,21.60,19.95,19.31,0.60,38.22
2022_01_22_19:18,22.27,20.72,21.21,21.55,19.94,19.33,0.61,38.20
2022_01_22_19:19,22.24,20.68,21.19,21.59,19.94,19.39,0.62,38.21
2022_01_22_19:20,22.19,20.75,21.17,21.61,19.97,19.49,0.61,38.25
2022_01_22_19:21,22.14,20.77,21.18,21.52,19.95,19.37,0.62,38.23
2022_01_22_19:22,22.11,20.73,21.17,21.52,19.96,19.36,0.61,38.22
2022_01_22_19:23,22.09,20.74,21.18,21.54,19.95,19.48,0.63,38.26
2022_01_22_19:24,22.06,20.76,21.16,21.52,19.96,19.40,0.63,38.24
2022_01_22_19:25,22.04,20.76,21.17,21.56,19.94,19.41,0.64,38.28
2022_01_22_19:26,21.98,20.77,21.17,21.52,19.94,19.46,0.64,38.25
2022_01_22_19:27,21.98,20.78,21.14,21.56,19.93,19.51,0.63,38.23
2022_01_22_19:28,21.92,20.83,21.13,21.50,19.93,19.56,0.65,38.34
2022_01_22_19:29,21.90,20.80,21.14,21.46,19.92,19.58,0.64,38.24
2022_01_22_19:30,21.86,20.88,21.14,21.51,19.93,19.59,0.62,38.40
2022_01_22_19:31,21.85,20.78,21.12,21.52,19.91,19.46,0.65,38.27
2022_01_22_19:32,21.84,20.85,21.11,21.47,19.90,19.47,0.64,38.25
2022_01_22_19:33,21.79,20.86,21.14,21.44,19.90,19.52,0.62,38.29
2022_01_22_19:34,21.76,20.86,21.12,21.46,19.89,19.53,0.65,38.22
2022_01_22_19:35,21.76,20.88,21.12,21.51,19.87,19.48,0.65,38.26
2022_01_22_19:36,21.72,20.83,21.09,21.48,19.85,19.49,0.65,38.23
2022_01_22_19:37,21.70,20.80,21.09,21.47,19.84,19.52,0.64,38.40
2022_01_22_19:38,21.66,20.88,21.11,21.38,19.83,19.55,0.64,38.26
2022_01_22_19:39,21.64,20.87,21.07,21.40,19.84,19.50,0.65,38.29
2022_01_22_19:40,21.63,20.83,21.09,21.49,19.82,19.53,0.67,38.29
2022_01_22_19:41,21.59,20.84,21.10,21.83,19.81,19.58,0.65,38.29
2022_01_22_19:42,21.59,20.82,21.08,21.93,19.79,19.55,0.65,38.46
2022_01_22_19:43,21.56,20.92,21.08,21.92,19.78,19.49,0.65,38.38
2022_01_22_19:44,21.52,20.84,21.08,21.83,19.78,19.51,0.66,38.33
2022_01_22_19:45,21.51,20.86,21.08,21.77,19.76,19.58,0.65,38.39
2022_01_22_19:46,21.49,20.89,21.07,21.77,19.74,19.50,0.64,38.29
2022_01_22_19:47,21.47,20.91,21.07,21.72,19.75,19.48,0.64,38.46
2022_01_22_19:48,21.48,20.93,21.07,21.75,19.73,19.50,0.66,38.43
2022_01_22_19:49,21.45,20.90,21.07,21.67,19.71,19.54,0.66,38.34
2022_01_22_19:50,21.41,20.93,21.05,21.66,19.72,19.51,0.68,38.42
2022_01_22_19:51,21.40,20.89,21.06,21.59,19.69,19.59,0.66,38.45
2022_01_22_19:52,21.37,20.87,21.04,21.55,19.68,19.50,0.67,38.46
2022_01_22_19:53,21.36,20.90,21.05,21.52,19.65,19.60,0.67,38.39
2022_01_22_19:54,21.36,20.94,21.06,21.62,19.66,19.58,0.67,38.24
2022_01_22_19:55,21.32,20.93,21.04,21.70,19.64,19.61,0.69,38.26
2022_01_22_19:56,21.30,20.94,21.01,21.61,19.62,19.46,0.66,38.29
2022_01_22_19:57,21.28,20.94,21.04,21.63,19.62,19.45,0.68,38.28
2022_01_22_19:58,21.25,21.06,21.04,21.70,19.61,19.54,0.68,38.43
2022_01_22_19:59,21.25,20.96,21.03,21.68,19.61,19.61,0.69,38.42
2022_01_22_20:00,21.23,21.04,21.03,21.67,19.59,19.62,0.69,38.46
2022_01_22_20:01,21.22,21.03,21.04,21.80,19.59,19.48,0.68,38.47
2022_01_22_20:02,21.20,21.04,21.05,21.82,19.57,19.57,0.67,38.45
2022_01_22_20:03,21.19,21.04,21.01,21.80,19.56,19.59,0.70,38.43
2022_01_22_20:04,21.16,21.06,21.00,21.76,19.56,19.51,0.69,38.42
2022_01_22_20:05,21.15,21.04,21.01,21.82,19.54,19.65,0.70,38.45
2022_01_22_20:06,21.14,21.07,21.02,21.92,19.54,19.60,0.69,38.43
2022_01_22_20:07,21.12,21.07,21.04,22.18,19.52,19.58,0.70,38.26
2022_01_22_20:08,21.10,21.10,21.03,22.54,19.52,19.58,0.70,38.33
2022_01_22_20:09,21.11,21.16,21.04,22.27,19.51,19.54,0.72,38.22
2022_01_22_20:10,21.11,21.50,21.04,22.23,19.52,19.56,0.70,38.41
2022_01_22_20:11,21.15,21.56,21.08,22.23,19.51,19.50,0.70,38.49
2022_01_22_20:12,21.17,21.45,21.09,22.23,19.52,19.72,0.69,38.49
2022_01_22_20:13,21.25,21.83,21.11,22.18,19.53,19.66,0.69,38.45
2022_01_22_20:14,21.29,21.69,21.11,22.06,19.53,19.76,0.72,38.31
2022_01_22_20:15,21.38,21.85,21.12,22.09,19.55,19.77,0.69,38.43
2022_01_22_20:16,21.44,21.61,21.17,21.99,19.55,19.71,0.70,38.41
2022_01_22_20:17,21.50,21.57,21.17,21.97,19.55,19.76,0.71,38.47
2022_01_22_20:18,21.56,21.41,21.21,21.85,19.55,19.80,0.71,38.45
2022_01_22_20:19,21.63,21.39,21.23,21.84,19.58,19.66,0.70,38.45
2022_01_22_20:20,21.69,21.37,21.26,21.78,19.58,19.73,0.72,38.48
2022_01_22_20:21,21.75,21.38,21.29,21.72,19.60,19.70,0.73,38.42
2022_01_22_20:22,21.80,21.49,21.31,21.68,19.61,19.67,0.69,38.44
2022_01_22_20:23,21.86,21.56,21.31,21.60,19.61,19.62,0.71,38.44
2022_01_22_20:24,21.93,21.42,21.36,21.62,19.65,19.59,0.72,38.24
2022_01_22_20:25,21.99,21.29,21.39,21.54,19.66,19.63,0.71,38.30
2022_01_22_20:26,22.06,21.47,21.40,21.53,19.69,19.62,0.73,38.40
2022_01_22_20:27,22.10,21.53,21.39,21.47,19.69,19.65,0.71,38.44
2022_01_22_20:28,22.17,21.49,21.43,21.49,19.71,19.58,0.71,38.50
2022_01_22_20:29,22.24,21.50,21.45,21.42,19.75,19.60,0.71,38.47
2022_01_22_20:30,22.29,21.47,21.47,21.45,19.75,19.55,0.72,38.46
2022_01_22_20:31,22.34,21.23,21.49,21.41,19.76,19.56,0.72,38.30
2022_01_22_20:32,22.36,21.17,21.47,21.34,19.76,19.57,0.74,38.43
2022_01_22_20:33,22.36,21.02,21.48,21.33,19.79,19.56,0.73,38.43
2022_01_22_20:34,22.37,21.05,21.46,21.33,19.81,19.56,0.74,38.37
2022_01_22_20:35,22.37,21.27,21.44,21.25,19.81,19.59,0.72,38.27
2022_01_22_20:36,22.33,21.27,21.46,21.26,19.82,19.49,0.71,38.28
2022_01_22_20:37,22.31,21.32,21.47,21.25,19.83,19.58,0.72,38.42
2022_01_22_20:38,22.31,21.21,21.44,21.30,19.83,19.52,0.73,38.23
2022_01_22_20:39,22.25,21.52,21.42,21.23,19.86,19.65,0.74,38.36
2022_01_22_20:40,22.23,21.48,21.40,21.21,19.87,19.58,0.73,38.45
2022_01_22_20:41,22.20,21.68,21.44,21.33,19.88,19.61,0.73,38.35
2022_01_22_20:42,22.17,21.55,21.41,21.31,19.85,19.56,0.74,38.39
2022_01_22_20:43,22.15,21.64,21.40,21.36,19.88,19.49,0.73,38.39
2022_01_22_20:44,22.12,21.58,21.39,21.31,19.88,19.49,0.72,38.47
2022_01_22_20:45,22.10,21.66,21.39,21.35,19.87,19.68,0.73,38.40
2022_01_22_20:46,22.06,21.64,21.39,21.33,19.86,19.65,0.73,38.26
2022_01_22_20:47,22.04,21.70,21.38,21.28,19.89,19.53,0.77,38.26
2022_01_22_20:48,22.02,21.74,21.37,21.32,19.88,19.64,0.73,38.33
2022_01_22_20:49,22.00,21.70,21.35,21.30,19.88,19.61,0.74,38.29
2022_01_22_20:50,21.97,21.73,21.37,21.31,19.88,19.64,0.73,38.27
2022_01_22_20:51,21.95,21.93,21.35,21.27,19.84,19.57,0.75,38.39
2022_01_22_20:52,21.94,21.90,21.36,21.31,19.85,19.62,0.75,38.20
2022_01_22_20:53,21.90,21.91,21.34,21.29,19.86,19.58,0.75,38.29
2022_01_22_20:54,21.88,21.68,21.36,21.26,19.84,19.60,0.74,38.39
2022_01_22_20:55,21.86,21.73,21.34,21.31,19.83,19.67,0.75,38.21
2022_01_22_20:56,21.84,21.55,21.34,21.24,19.83,19.55,0.74,38.22
2022_01_22_20:57,21.82,21.51,21.33,21.26,19.83,19.65,0.76,38.21
2022_01_22_20:58,21.82,21.64,21.32,21.27,19.83,19.59,0.75,38.22
2022_01_22_20:59,21.78,21.68,21.33,21.21,19.82,19.63,0.75,38.22
2022_01_22_21:00,21.76,21.51,21.31,21.23,19.82,19.59,0.75,38.25
2022_01_22_21:01,21.73,21.78,21.31,21.15,19.81,19.57,0.75,38.22
2022_01_22_21:02,21.74,21.77,21.31,21.16,19.80,19.60,0.78,38.26
2022_01_22_21:03,21.71,21.79,21.31,21.17,19.79,19.40,0.77,38.26
2022_01_22_21:04,21.70,21.76,21.30,21.15,19.77,19.56,0.76,38.17
2022_01_22_21:05,21.69,21.80,21.29,21.09,19.79,19.58,0.78,38.25
2022_01_22_21:06,21.67,21.80,21.27,21.15,19.77,19.53,0.75,38.17
2022_01_22_21:07,21.65,21.60,21.27,21.16,19.76,19.47,0.76,38.25
2022_01_22_21:08,21.65,21.72,21.26,21.06,19.76,19.58,0.77,38.36
2022_01_22_21:09,21.62,21.63,21.25,20.98,19.75,19.41,0.76,38.22
2022_01_22_21:10,21.59,21.57,21.24,21.00,19.75,19.41,0.76,38.18
2022_01_22_21:11,21.57,21.62,21.24,20.93,19.76,19.49,0.78,38.44
2022_01_22_21:12,21.55,21.62,21.22,20.88,19.75,19.45,0.78,38.25
2022_01_22_21:13,21.53,21.60,21.21,20.94,19.75,19.39,0.76,38.26
2022_01_22_21:14,21.51,21.41,21.20,20.88,19.73,19.45,0.78,38.39
2022_01_22_21:15,21.49,21.38,21.20,20.83,19.73,19.35,0.80,38.23
2022_01_22_21:16,21.48,21.40,21.20,20.84,19.73,19.42,0.76,38.26
2022_01_22_21:17,21.46,21.39,21.17,20.82,19.72,19.41,0.78,38.43
2022_01_22_21:18,21.43,21.36,21.18,20.80,19.72,19.37,0.77,38.24
2022_01_22_21:19,21.42,21.44,21.16,20.74,19.70,19.43,0.77,38.42
2022_01_22_21:20,21.42,21.43,21.17,20.96,19.70,19.36,0.78,38.33
2022_01_22_21:21,21.39,21.44,21.16,20.85,19.71,19.43,0.79,38.30
2022_01_22_21:22,21.36,21.20,21.14,20.94,19.71,19.38,0.77,38.26
2022_01_22_21:23,21.35,21.23,21.16,20.82,19.69,19.47,0.79,38.22
2022_01_22_21:24,21.35,21.21,21.15,20.95,19.69,19.52,0.79,38.21
2022_01_22_21:25,21.32,21.40,21.14,20.85,19.67,19.40,0.78,38.28
2022_01_22_21:26,21.29,21.47,21.15,20.83,19.68,19.53,0.78,38.36
2022_01_22_21:27,21.23,21.27,21.16,20.87,19.67,19.44,0.78,38.41
2022_01_22_21:28,21.26,21.31,21.14,20.98,19.67,19.61,0.78,38.40
2022_01_22_21:29,21.22,21.24,21.16,21.00,19.66,19.61,0.78,38.63
2022_01_22_21:30,21.20,21.39,21.15,20.97,19.66,19.68,0.78,38.51
2022_01_22_21:31,21.20,21.26,21.15,20.94,19.66,19.70,0.80,38.43
2022_01_22_21:32,21.18,21.26,21.13,20.94,19.65,19.68,0.78,38.40
2022_01_22_21:33,21.18,21.34,21.14,20.95,19.63,19.63,0.81,38.42
2022_01_22_21:34,21.15,21.22,21.14,21.03,19.63,19.64,0.80,38.45
2022_01_22_21:35,21.15,21.33,21.13,21.03,19.63,19.63,0.81,38.44
2022_01_22_21:36,21.14,21.13,21.14,21.00,19.63,19.65,0.80,38.44
2022_01_22_21:37,21.11,21.15,21.12,21.03,19.60,19.71,0.80,38.45
2022_01_22_21:38,21.09,21.18,21.13,20.97,19.60,19.63,0.79,38.43
2022_01_22_21:39,21.07,21.18,21.13,20.94,19.59,19.63,0.81,38.41
2022_01_22_21:40,21.06,21.17,21.13,20.93,19.58,19.59,0.81,38.45
2022_01_22_21:41,21.07,21.17,21.12,20.90,19.58,19.69,0.80,38.49
2022_01_22_21:42,21.05,21.14,21.10,20.89,19.57,19.71,0.79,38.42
2022_01_22_21:43,21.03,21.15,21.14,20.93,19.56,19.70,0.79,38.44
2022_01_22_21:44,21.02,21.17,21.11,20.97,19.56,19.73,0.79,38.46
2022_01_22_21:45,21.02,21.17,21.11,20.94,19.53,19.63,0.81,38.45
2022_01_22_21:46,21.01,21.20,21.13,21.05,19.54,19.63,0.80,38.41
2022_01_22_21:47,21.03,21.22,21.14,21.31,19.53,19.60,0.79,38.45
2022_01_22_21:48,21.05,21.19,21.15,21.32,19.54,19.60,0.79,38.41
2022_01_22_21:49,21.08,21.17,21.17,21.41,19.54,19.65,0.80,38.46
2022_01_22_21:50,21.13,21.09,21.20,21.43,19.53,19.70,0.80,38.38
2022_01_22_21:51,21.18,21.15,21.22,21.41,19.55,19.61,0.79,38.42
2022_01_22_21:52,21.23,21.17,21.22,21.35,19.54,19.64,0.81,38.41
2022_01_22_21:53,21.29,21.09,21.25,21.29,19.56,19.55,0.80,38.42
2022_01_22_21:54,21.34,21.08,21.28,21.29,19.56,19.61,0.81,38.45
2022_01_22_21:55,21.41,21.05,21.28,21.28,19.59,19.61,0.80,38.51
2022_01_22_21:56,21.47,21.08,21.32,21.27,19.59,19.65,0.82,38.46
2022_01_22_21:57,21.54,21.03,21.34,21.28,19.59,19.61,0.79,38.43
2022_01_22_21:58,21.61,21.08,21.38,21.17,19.60,19.63,0.80,38.50
2022_01_22_21:59,21.65,20.99,21.39,21.17,19.61,19.70,0.79,38.42
2022_01_22_22:00,21.71,20.99,21.41,21.18,19.64,19.63,0.81,38.40
2022_01_22_22:01,21.77,20.96,21.44,21.14,19.64,19.63,0.81,38.51
2022_01_22_22:02,21.83,20.94,21.45,21.06,19.67,19.65,0.81,38.45
2022_01_22_22:03,21.89,20.90,21.47,21.12,19.69,19.63,0.82,38.44
2022_01_22_22:04,21.95,20.86,21.51,21.05,19.71,19.67,0.79,38.44
2022_01_22_22:05,22.03,20.85,21.53,21.11,19.72,19.62,0.82,38.43
2022_01_22_22:06,22.09,20.84,21.54,21.09,19.75,19.63,0.81,38.49
2022_01_22_22:07,22.13,20.77,21.58,21.13,19.75,19.59,0.81,38.45
2022_01_22_22:08,22.18,20.79,21.58,21.08,19.78,19.60,0.82,38.49
2022_01_22_22:09,22.23,20.82,21.60,21.03,19.79,19.62,0.82,38.46
2022_01_22_22:10,22.25,20.76,21.59,21.02,19.81,19.60,0.84,38.43
2022_01_22_22:11,22.26,20.76,21.59,21.06,19.81,19.57,0.84,38.47
2022_01_22_22:12,22.24,20.69,21.59,20.93,19.85,19.63,0.82,38.45
2022_01_22_22:13,22.25,20.63,21.60,20.96,19.87,19.60,0.81,38.47
2022_01_22_22:14,22.24,20.69,21.59,20.95,19.87,19.63,0.83,38.58
2022_01_22_22:15,22.21,20.53,21.58,20.93,19.90,19.55,0.80,38.63
2022_01_22_22:16,22.17,20.71,21.55,20.97,19.88,19.65,0.83,38.63
2022_01_22_22:17,22.15,20.70,21.56,20.89,19.91,19.52,0.84,38.66
2022_01_22_22:18,22.11,20.75,21.54,20.92,19.91,19.56,0.84,38.68
2022_01_22_22:19,22.09,20.73,21.54,20.87,19.91,19.58,0.83,38.63
2022_01_22_22:20,22.02,20.56,21.54,20.89,19.93,19.57,0.84,38.67
2022_01_22_22:21,22.00,20.76,21.53,20.90,19.94,19.55,0.84,38.53
2022_01_22_22:22,21.96,20.74,21.50,20.85,19.93,19.55,0.83,38.67
2022_01_22_22:23,21.93,20.79,21.48,20.89,19.94,19.50,0.85,38.65
2022_01_22_22:24,21.91,20.84,21.47,20.85,19.95,19.60,0.84,38.63
2022_01_22_22:25,21.85,20.84,21.49,20.87,19.93,19.45,0.83,38.70
2022_01_22_22:26,21.85,20.85,21.48,20.86,19.93,19.58,0.84,38.67
2022_01_22_22:27,21.78,20.86,21.47,20.93,19.93,19.55,0.87,38.67
2022_01_22_22:28,21.76,20.83,21.46,20.91,19.95,19.50,0.85,38.61
2022_01_22_22:29,21.72,20.82,21.45,20.85,19.94,19.60,0.84,38.66
2022_01_22_22:30,21.71,20.85,21.45,20.87,19.95,19.48,0.84,38.70
2022_01_22_22:31,21.68,20.83,21.42,20.86,19.93,19.56,0.85,38.67
2022_01_22_22:32,21.63,20.83,21.42,20.87,19.92,19.56,0.85,38.66
2022_01_22_22:33,21.63,20.91,21.42,20.87,19.92,19.51,0.84,38.64
2022_01_22_22:34,21.60,20.82,21.41,20.74,19.92,19.62,0.83,38.68
2022_01_22_22:35,21.57,20.85,21.41,20.76,19.92,19.53,0.85,38.67
2022_01_22_22:36,21.53,20.88,21.40,20.83,19.90,19.53,0.85,38.65
2022_01_22_22:37,21.52,20.87,21.40,20.82,19.90,19.54,0.84,38.78
2022_01_22_22:38,21.50,20.96,21.39,20.81,19.88,19.61,0.84,38.72
2022_01_22_22:39,21.49,20.94,21.41,20.86,19.88,19.61,0.86,38.76
2022_01_22_22:40,21.45,20.94,21.39,20.84,19.86,19.55,0.86,38.65
2022_01_22_22:41,21.42,20.94,21.39,20.78,19.86,19.56,0.86,38.81
2022_01_22_22:42,21.42,20.93,21.36,20.81,19.85,19.57,0.86,38.66
2022_01_22_22:43,21.37,20.90,21.37,20.86,19.84,19.56,0.85,38.74
2022_01_22_22:44,21.37,20.96,21.36,20.79,19.83,19.62,0.86,38.74
2022_01_22_22:45,21.34,20.97,21.33,20.80,19.83,19.57,0.88,38.68
2022_01_22_22:46,21.31,20.92,21.32,20.78,19.81,19.59,0.89,38.69
2022_01_22_22:47,21.30,21.02,21.33,20.73,19.79,19.57,0.88,38.80
2022_01_22_22:48,21.29,20.95,21.33,20.79,19.80,19.56,0.89,38.68
2022_01_22_22:49,21.26,20.94,21.33,20.80,19.78,19.57,0.86,38.66
2022_01_22_22:50,21.24,20.97,21.31,20.73,19.77,19.58,0.88,38.82
2022_01_22_22:51,21.22,20.99,21.32,20.68,19.76,19.63,0.88,38.85
2022_01_22_22:52,21.20,20.95,21.32,20.72,19.75,19.63,0.88,38.82
2022_01_22_22:53,21.18,20.97,21.31,20.68,19.73,19.65,0.87,38.86
2022_01_22_22:54,21.17,20.99,21.30,20.71,19.73,19.60,0.88,38.73
2022_01_22_22:55,21.14,21.00,21.30,20.75,19.70,19.62,0.88,38.87
2022_01_22_22:56,21.13,20.96,21.30,20.68,19.70,19.55,0.87,38.83
2022_01_22_22:57,21.11,21.02,21.32,20.57,19.69,19.58,0.89,38.88
2022_01_22_22:58,21.09,21.00,21.32,20.70,19.67,19.55,0.88,38.82
2022_01_22_22:59,21.08,21.01,21.30,20.63,19.66,19.57,0.88,38.99
2022_01_22_23:00,21.06,21.07,21.31,20.72,19.65,19.52,0.89,38.82
2022_01_22_23:01,21.06,20.98,21.32,20.86,19.64,19.66,0.89,39.11
2022_01_22_23:02,21.03,21.02,21.32,21.03,19.64,19.63,0.90,39.13
2022_01_22_23:03,21.01,21.01,21.33,21.17,19.63,19.62,0.91,39.09
2022_01_22_23:04,21.01,21.08,21.34,21.25,19.60,19.60,0.91,39.04
2022_01_22_23:05,20.97,21.05,21.33,21.27,19.60,19.62,0.92,39.05
2022_01_22_23:06,20.96,21.03,21.30,21.25,19.59,19.54,0.93,39.10
2022_01_22_23:07,20.94,21.02,21.30,21.33,19.59,19.53,0.89,38.93
2022_01_22_23:08,20.94,21.00,21.33,21.27,19.58,19.56,0.92,38.93
2022_01_22_23:09,20.93,21.06,21.32,21.53,19.59,19.51,0.91,38.99
2022_01_22_23:10,20.94,21.07,21.33,21.58,19.58,19.58,0.91,38.99
2022_01_22_23:11,20.98,21.04,21.34,21.68,19.57,19.54,0.92,38.96
2022_01_22_23:12,21.00,21.05,21.36,21.71,19.56,19.49,0.94,38.94
2022_01_22_23:13,21.01,21.04,21.38,21.58,19.56,19.55,0.92,38.94
2022_01_22_23:14,21.06,21.13,21.42,21.65,19.55,19.51,0.93,38.89
2022_01_22_23:15,21.11,21.08,21.43,21.58,19.58,19.62,0.94,38.87
2022_01_22_23:16,21.19,21.06,21.47,21.48,19.58,19.63,0.93,38.90
2022_01_22_23:17,21.23,21.08,21.49,21.45,19.59,19.59,0.94,38.95
2022_01_22_23:18,21.30,21.03,21.50,21.41,19.59,19.63,0.96,38.88
2022_01_22_23:19,21.36,21.01,21.53,21.29,19.60,19.69,0.93,38.89
2022_01_22_23:20,21.42,20.94,21.54,21.21,19.63,19.70,0.95,38.94
2022_01_22_23:21,21.49,20.92,21.57,21.18,19.63,19.63,0.94,39.02
2022_01_22_23:22,21.58,20.89,21.59,21.06,19.64,19.58,0.94,39.03
2022_01_22_23:23,21.64,20.86,21.62,21.08,19.66,19.64,0.96,39.07
2022_01_22_23:24,21.70,20.89,21.64,20.99,19.68,19.63,0.94,39.12
2022_01_22_23:25,21.76,20.84,21.66,21.00,19.70,19.60,0.94,39.11
2022_01_22_23:26,21.82,20.86,21.69,21.05,19.71,19.68,0.94,39.12
2022_01_22_23:27,21.87,20.83,21.72,21.01,19.71,19.72,0.94,39.06
2022_01_22_23:28,21.94,20.79,21.75,20.97,19.75,19.66,0.95,39.09
2022_01_22_23:29,22.02,20.80,21.75,20.98,19.75,19.65,0.96,39.10
2022_01_22_23:30,22.05,20.73,21.79,20.95,19.78,19.67,0.96,39.10
2022_01_22_23:31,22.09,20.77,21.78,20.97,19.81,19.67,0.96,39.16
2022_01_22_23:32,22.13,20.76,21.80,21.22,19.81,19.69,0.96,39.07
2022_01_22_23:33,22.14,20.77,21.78,21.25,19.84,19.63,0.97,39.08
2022_01_22_23:34,22.14,20.50,21.77,21.13,19.85,19.62,0.97,39.14
2022_01_22_23:35,22.13,20.52,21.78,21.20,19.87,19.67,0.97,39.12
2022_01_22_23:36,22.10,20.52,21.78,21.19,19.88,19.62,0.96,39.14
2022_01_22_23:37,22.11,20.58,21.76,21.19,19.89,19.61,0.96,39.07
2022_01_22_23:38,22.08,20.58,21.74,21.17,19.89,19.61,0.97,39.08
2022_01_22_23:39,22.03,20.55,21.74,21.11,19.90,19.62,0.98,39.16
2022_01_22_23:40,22.01,20.48,21.73,21.13,19.91,19.63,0.96,39.09
2022_01_22_23:41,21.97,20.80,21.72,21.11,19.92,19.64,0.97,39.11
2022_01_22_23:42,21.94,20.63,21.71,21.07,19.92,19.61,0.96,39.17
2022_01_22_23:43,21.90,20.80,21.69,21.02,19.92,19.58,0.97,39.14
2022_01_22_23:44,21.87,20.71,21.68,21.02,19.94,19.54,0.99,39.10
2022_01_22_23:45,21.84,20.81,21.67,20.94,19.95,19.62,0.98,39.12
2022_01_22_23:46,21.79,20.61,21.68,20.93,19.94,19.50,1.00,39.19
2022_01_22_23:47,21.76,20.79,21.66,20.95,19.91,19.64,0.99,39.14
2022_01_22_23:48,21.73,20.80,21.65,20.95,19.92,19.53,0.98,39.12
2022_01_22_23:49,21.70,20.82,21.64,20.90,19.93,19.58,0.97,39.20
2022_01_22_23:50,21.68,20.83,21.64,21.02,19.94,19.58,0.97,39.18
2022_01_22_23:51,21.65,20.83,21.63,20.93,19.93,19.59,0.98,39.22
2022_01_22_23:52,21.59,20.89,21.61,20.91,19.92,19.62,0.98,39.20
2022_01_22_23:53,21.57,20.92,21.62,20.92,19.91,19.65,1.01,39.11
2022_01_22_23:54,21.53,20.88,21.61,20.87,19.90,19.66,0.97,39.15
2022_01_22_23:55,21.51,20.91,21.59,20.87,19.90,19.70,0.98,39.19
2022_01_22_23:56,21.48,20.88,21.59,20.91,19.91,19.64,0.99,39.19
2022_01_22_23:57,21.46,20.94,21.61,20.92,19.90,19.65,0.98,39.19
2022_01_22_23:58,21.44,20.88,21.59,20.79,19.87,19.68,0.98,39.24
2022_01_22_23:59,21.43,20.90,21.58,20.83,19.88,19.69,1.00,39.25
